,Bio Guide ID,Name,Party,State,API URL,District Number,Senate End Year,Senate Start Year,House Start Year,House End Year,Current Senator,Current House Rep,Years in Senate,Years in House,Served in Senate,Served in House
1,B001305,"Budd, Ted",Republican,North Carolina,https://api.congress.gov/v3/member/B001305?format=json,,,2023.0,2017.0,2023.0,Y,N,0.0,6.0,Y,Y
2,W000817,"Warren, Elizabeth",Democratic,Massachusetts,https://api.congress.gov/v3/member/W000817?format=json,,,2013.0,,,Y,,10.0,,Y,N
3,W000802,"Whitehouse, Sheldon",Democratic,Rhode Island,https://api.congress.gov/v3/member/W000802?format=json,,,2007.0,,,Y,,16.0,,Y,N
4,Y000064,"Young, Todd",Republican,Indiana,https://api.congress.gov/v3/member/Y000064?format=json,,,2017.0,2011.0,2017.0,Y,N,6.0,6.0,Y,Y
5,W000800,"Welch, Peter",Democratic,Vermont,https://api.congress.gov/v3/member/W000800?format=json,,,2023.0,2007.0,2023.0,Y,N,0.0,16.0,Y,Y
6,W000779,"Wyden, Ron",Democratic,Oregon,https://api.congress.gov/v3/member/W000779?format=json,,,1996.0,1981.0,1996.0,Y,N,27.0,15.0,Y,Y
7,W000437,"Wicker, Roger F.",Republican,Mississippi,https://api.congress.gov/v3/member/W000437?format=json,,,2007.0,1995.0,2007.0,Y,N,16.0,12.0,Y,Y
8,V000137,"Vance, J. D.",Republican,Ohio,https://api.congress.gov/v3/member/V000137?format=json,,,2023.0,,,Y,,0.0,,Y,N
9,W000790,"Warnock, Raphael G.",Democratic,Georgia,https://api.congress.gov/v3/member/W000790?format=json,,,2021.0,,,Y,,2.0,,Y,N
10,T000278,"Tuberville, Tommy",Republican,Alabama,https://api.congress.gov/v3/member/T000278?format=json,,,2021.0,,,Y,,2.0,,Y,N
11,T000476,"Tillis, Thomas",Republican,North Carolina,https://api.congress.gov/v3/member/T000476?format=json,,,2015.0,,,Y,,8.0,,Y,N
12,W000805,"Warner, Mark R.",Democratic,Virginia,https://api.congress.gov/v3/member/W000805?format=json,,,2009.0,,,Y,,14.0,,Y,N
13,T000250,"Thune, John",Republican,South Dakota,https://api.congress.gov/v3/member/T000250?format=json,,,2005.0,1997.0,2003.0,Y,N,18.0,6.0,Y,Y
14,V000128,"Van Hollen, Chris",Democratic,Maryland,https://api.congress.gov/v3/member/V000128?format=json,,,2017.0,2003.0,2017.0,Y,N,6.0,14.0,Y,Y
15,S001203,"Smith, Tina",Democratic,Minnesota,https://api.congress.gov/v3/member/S001203?format=json,,,2018.0,,,Y,,5.0,,Y,N
16,S001198,"Sullivan, Dan",Republican,Alaska,https://api.congress.gov/v3/member/S001198?format=json,,,2015.0,,,Y,,8.0,,Y,N
17,S001191,"Sinema, Kyrsten",Independent,Arizona,https://api.congress.gov/v3/member/S001191?format=json,,,2019.0,2013.0,2019.0,Y,N,4.0,6.0,Y,Y
18,T000464,"Tester, Jon",Democratic,Montana,https://api.congress.gov/v3/member/T000464?format=json,,,2007.0,,,Y,,16.0,,Y,N
19,S001184,"Scott, Tim",Republican,South Carolina,https://api.congress.gov/v3/member/S001184?format=json,,,2013.0,2011.0,2013.0,Y,N,10.0,2.0,Y,Y
20,S001181,"Shaheen, Jeanne",Democratic,New Hampshire,https://api.congress.gov/v3/member/S001181?format=json,,,2009.0,,,Y,,14.0,,Y,N
21,S000770,"Stabenow, Debbie",Democratic,Michigan,https://api.congress.gov/v3/member/S000770?format=json,,,2001.0,1997.0,2001.0,Y,N,22.0,4.0,Y,Y
22,S001227,"Schmitt, Eric",Republican,Missouri,https://api.congress.gov/v3/member/S001227?format=json,,,2023.0,,,Y,,0.0,,Y,N
23,S001217,"Scott, Rick",Republican,Florida,https://api.congress.gov/v3/member/S001217?format=json,,,2019.0,,,Y,,4.0,,Y,N
24,S001194,"Schatz, Brian",Democratic,Hawaii,https://api.congress.gov/v3/member/S001194?format=json,,,2012.0,,,Y,,11.0,,Y,N
25,R000595,"Rubio, Marco",Republican,Florida,https://api.congress.gov/v3/member/R000595?format=json,,,2011.0,,,Y,,12.0,,Y,N
26,S000148,"Schumer, Charles E.",Democratic,New York,https://api.congress.gov/v3/member/S000148?format=json,,,1999.0,1981.0,1999.0,Y,N,24.0,18.0,Y,Y
27,S000033,"Sanders, Bernard",Independent,Vermont,https://api.congress.gov/v3/member/S000033?format=json,,,2007.0,1991.0,2007.0,Y,N,16.0,16.0,Y,Y
28,R000618,"Ricketts, Pete",Republican,Nebraska,https://api.congress.gov/v3/member/R000618?format=json,,,2023.0,,,Y,,0.0,,Y,N
29,R000615,"Romney, Mitt",Republican,Utah,https://api.congress.gov/v3/member/R000615?format=json,,,2019.0,,,Y,,4.0,,Y,N
30,R000608,"Rosen, Jacky",Democratic,Nevada,https://api.congress.gov/v3/member/R000608?format=json,,,2019.0,2017.0,2019.0,Y,N,4.0,2.0,Y,Y
31,R000605,"Rounds, Mike",Republican,South Dakota,https://api.congress.gov/v3/member/R000605?format=json,,,2015.0,,,Y,,8.0,,Y,N
32,P000595,"Peters, Gary C.",Democratic,Michigan,https://api.congress.gov/v3/member/P000595?format=json,,,2015.0,2009.0,2015.0,Y,N,8.0,6.0,Y,Y
33,R000584,"Risch, James E.",Republican,Idaho,https://api.congress.gov/v3/member/R000584?format=json,,,2009.0,,,Y,,14.0,,Y,N
34,R000122,"Reed, Jack",Democratic,Rhode Island,https://api.congress.gov/v3/member/R000122?format=json,,,1997.0,1991.0,1997.0,Y,N,26.0,6.0,Y,Y
35,P000145,"Padilla, Alex",Democratic,California,https://api.congress.gov/v3/member/P000145?format=json,,,2021.0,,,Y,,2.0,,Y,N
36,O000174,"Ossoff, Jon",Democratic,Georgia,https://api.congress.gov/v3/member/O000174?format=json,,,2021.0,,,Y,,2.0,,Y,N
37,M001190,"Mullin, Markwayne",Republican,Oklahoma,https://api.congress.gov/v3/member/M001190?format=json,,,2023.0,2013.0,2023.0,Y,N,0.0,10.0,Y,Y
38,P000603,"Paul, Rand",Republican,Kentucky,https://api.congress.gov/v3/member/P000603?format=json,,,2011.0,,,Y,,12.0,,Y,N
39,M001169,"Murphy, Christopher",Democratic,Connecticut,https://api.congress.gov/v3/member/M001169?format=json,,,2013.0,2007.0,2013.0,Y,N,10.0,6.0,Y,Y
40,M001111,"Murray, Patty",Democratic,Washington,https://api.congress.gov/v3/member/M001111?format=json,,,1993.0,,,Y,,30.0,,Y,N
41,M001153,"Murkowski, Lisa",Republican,Alaska,https://api.congress.gov/v3/member/M001153?format=json,,,2003.0,,,Y,,20.0,,Y,N
42,M001198,"Marshall, Roger",Republican,Kansas,https://api.congress.gov/v3/member/M001198?format=json,,,2021.0,2017.0,2021.0,Y,N,2.0,4.0,Y,Y
43,M001176,"Merkley, Jeff",Democratic,Oregon,https://api.congress.gov/v3/member/M001176?format=json,,,2009.0,,,Y,,14.0,,Y,N
44,M000934,"Moran, Jerry",Republican,Kansas,https://api.congress.gov/v3/member/M000934?format=json,,,2011.0,1997.0,2011.0,Y,N,12.0,14.0,Y,Y
45,M000639,"Menendez, Robert",Democratic,New Jersey,https://api.congress.gov/v3/member/M000639?format=json,,,2006.0,1993.0,2006.0,Y,N,17.0,13.0,Y,Y
46,M000133,"Markey, Edward J.",Democratic,Massachusetts,https://api.congress.gov/v3/member/M000133?format=json,,,2013.0,1977.0,2013.0,Y,N,10.0,36.0,Y,Y
47,M000355,"McConnell, Mitch",Republican,Kentucky,https://api.congress.gov/v3/member/M000355?format=json,,,1985.0,,,Y,,38.0,,Y,N
48,K000393,"Kennedy, John",Republican,Louisiana,https://api.congress.gov/v3/member/K000393?format=json,,,2017.0,,,Y,,6.0,,Y,N
49,K000383,"King, Angus S., Jr.",Independent,Maine,https://api.congress.gov/v3/member/K000383?format=json,,,2013.0,,,Y,,10.0,,Y,N
50,K000367,"Klobuchar, Amy",Democratic,Minnesota,https://api.congress.gov/v3/member/K000367?format=json,,,2007.0,,,Y,,16.0,,Y,N
51,L000577,"Lee, Mike",Republican,Utah,https://api.congress.gov/v3/member/L000577?format=json,,,2011.0,,,Y,,12.0,,Y,N
52,M001183,"Manchin, Joe, III",Democratic,West Virginia,https://api.congress.gov/v3/member/M001183?format=json,,,2010.0,,,Y,,13.0,,Y,N
53,L000575,"Lankford, James",Republican,Oklahoma,https://api.congress.gov/v3/member/L000575?format=json,,,2015.0,2011.0,2015.0,Y,N,8.0,4.0,Y,Y
54,L000571,"Lummis, Cynthia M.",Republican,Wyoming,https://api.congress.gov/v3/member/L000571?format=json,,,2021.0,2009.0,2017.0,Y,N,2.0,8.0,Y,Y
55,L000570,"Lujan, Ben Ray",Democratic,New Mexico,https://api.congress.gov/v3/member/L000570?format=json,,,2021.0,2009.0,2021.0,Y,N,2.0,12.0,Y,Y
56,H000273,"Hickenlooper, John W.",Democratic,Colorado,https://api.congress.gov/v3/member/H000273?format=json,,,2021.0,,,Y,,2.0,,Y,N
57,K000377,"Kelly, Mark",Democratic,Arizona,https://api.congress.gov/v3/member/K000377?format=json,,,2020.0,,,Y,,3.0,,Y,N
58,H001079,"Hyde-Smith, Cindy",Republican,Mississippi,https://api.congress.gov/v3/member/H001079?format=json,,,2018.0,,,Y,,5.0,,Y,N
59,K000384,"Kaine, Tim",Democratic,Virginia,https://api.congress.gov/v3/member/K000384?format=json,,,2013.0,,,Y,,10.0,,Y,N
60,J000293,"Johnson, Ron",Republican,Wisconsin,https://api.congress.gov/v3/member/J000293?format=json,,,2011.0,,,Y,,12.0,,Y,N
61,H001061,"Hoeven, John",Republican,North Dakota,https://api.congress.gov/v3/member/H001061?format=json,,,2011.0,,,Y,,12.0,,Y,N
62,H001042,"Hirono, Mazie K.",Democratic,Hawaii,https://api.congress.gov/v3/member/H001042?format=json,,,2013.0,2007.0,2013.0,Y,N,10.0,6.0,Y,Y
63,H000601,"Hagerty, Bill",Republican,Tennessee,https://api.congress.gov/v3/member/H000601?format=json,,,2021.0,,,Y,,2.0,,Y,N
64,H001089,"Hawley, Josh",Republican,Missouri,https://api.congress.gov/v3/member/H001089?format=json,,,2019.0,,,Y,,4.0,,Y,N
65,H001076,"Hassan, Margaret Wood",Democratic,New Hampshire,https://api.congress.gov/v3/member/H001076?format=json,,,2017.0,,,Y,,6.0,,Y,N
66,G000555,"Gillibrand, Kirsten E.",Democratic,New York,https://api.congress.gov/v3/member/G000555?format=json,,,2009.0,2007.0,2009.0,Y,N,14.0,2.0,Y,Y
67,H001046,"Heinrich, Martin",Democratic,New Mexico,https://api.congress.gov/v3/member/H001046?format=json,,,2013.0,2009.0,2013.0,Y,N,10.0,4.0,Y,Y
68,G000386,"Grassley, Chuck",Republican,Iowa,https://api.congress.gov/v3/member/G000386?format=json,,,1981.0,1975.0,1981.0,Y,N,42.0,6.0,Y,Y
69,G000359,"Graham, Lindsey",Republican,South Carolina,https://api.congress.gov/v3/member/G000359?format=json,,,2003.0,1995.0,2003.0,Y,N,20.0,8.0,Y,Y
70,F000479,"Fetterman, John",Democratic,Pennsylvania,https://api.congress.gov/v3/member/F000479?format=json,,,2023.0,,,Y,,0.0,,Y,N
71,E000295,"Ernst, Joni",Republican,Iowa,https://api.congress.gov/v3/member/E000295?format=json,,,2015.0,,,Y,,8.0,,Y,N
72,F000463,"Fischer, Deb",Republican,Nebraska,https://api.congress.gov/v3/member/F000463?format=json,,,2013.0,,,Y,,10.0,,Y,N
73,D000622,"Duckworth, Tammy",Democratic,Illinois,https://api.congress.gov/v3/member/D000622?format=json,,,2017.0,2013.0,2017.0,Y,N,6.0,4.0,Y,Y
74,F000062,"Feinstein, Dianne",Democratic,California,https://api.congress.gov/v3/member/F000062?format=json,,,1992.0,,,Y,,31.0,,Y,N
75,D000563,"Durbin, Richard J.",Democratic,Illinois,https://api.congress.gov/v3/member/D000563?format=json,,,1997.0,1983.0,1997.0,Y,N,26.0,14.0,Y,Y
76,C001113,"Cortez Masto, Catherine",Democratic,Nevada,https://api.congress.gov/v3/member/C001113?format=json,,,2017.0,,,Y,,6.0,,Y,N
77,C001098,"Cruz, Ted",Republican,Texas,https://api.congress.gov/v3/member/C001098?format=json,,,2013.0,,,Y,,10.0,,Y,N
78,C001096,"Cramer, Kevin",Republican,North Dakota,https://api.congress.gov/v3/member/C001096?format=json,,,2019.0,2013.0,2019.0,Y,N,4.0,6.0,Y,Y
79,D000618,"Daines, Steve",Republican,Montana,https://api.congress.gov/v3/member/D000618?format=json,,,2015.0,2013.0,2015.0,Y,N,8.0,2.0,Y,Y
80,C001095,"Cotton, Tom",Republican,Arkansas,https://api.congress.gov/v3/member/C001095?format=json,,,2015.0,2013.0,2015.0,Y,N,8.0,2.0,Y,Y
81,C001056,"Cornyn, John",Republican,Texas,https://api.congress.gov/v3/member/C001056?format=json,,,2002.0,,,Y,,21.0,,Y,N
82,C000880,"Crapo, Mike",Republican,Idaho,https://api.congress.gov/v3/member/C000880?format=json,,,1999.0,1993.0,1999.0,Y,N,24.0,6.0,Y,Y
83,C001070,"Casey, Robert P., Jr.",Democratic,Pennsylvania,https://api.congress.gov/v3/member/C001070?format=json,,,2007.0,,,Y,,16.0,,Y,N
84,C001088,"Coons, Christopher A.",Democratic,Delaware,https://api.congress.gov/v3/member/C001088?format=json,,,2010.0,,,Y,,13.0,,Y,N
85,C001075,"Cassidy, Bill",Republican,Louisiana,https://api.congress.gov/v3/member/C001075?format=json,,,2015.0,2009.0,2015.0,Y,N,8.0,6.0,Y,Y
86,C001035,"Collins, Susan M.",Republican,Maine,https://api.congress.gov/v3/member/C001035?format=json,,,1997.0,,,Y,,26.0,,Y,N
87,C001047,"Capito, Shelley Moore",Republican,West Virginia,https://api.congress.gov/v3/member/C001047?format=json,,,2015.0,2001.0,2015.0,Y,N,8.0,14.0,Y,Y
88,C000174,"Carper, Thomas R.",Democratic,Delaware,https://api.congress.gov/v3/member/C000174?format=json,,,2001.0,1983.0,1993.0,Y,N,22.0,10.0,Y,Y
89,C000141,"Cardin, Benjamin L.",Democratic,Maryland,https://api.congress.gov/v3/member/C000141?format=json,,,2007.0,1987.0,2007.0,Y,N,16.0,20.0,Y,Y
90,B001319,"Britt, Katie Boyd",Republican,Alabama,https://api.congress.gov/v3/member/B001319?format=json,,,2023.0,,,Y,,0.0,,Y,N
91,B001310,"Braun, Mike",Republican,Indiana,https://api.congress.gov/v3/member/B001310?format=json,,,2019.0,,,Y,,4.0,,Y,N
92,B001236,"Boozman, John",Republican,Arkansas,https://api.congress.gov/v3/member/B001236?format=json,,,2011.0,2001.0,2011.0,Y,N,12.0,10.0,Y,Y
93,C000127,"Cantwell, Maria",Democratic,Washington,https://api.congress.gov/v3/member/C000127?format=json,,,2001.0,1993.0,1995.0,Y,N,22.0,2.0,Y,Y
94,B000944,"Brown, Sherrod",Democratic,Ohio,https://api.congress.gov/v3/member/B000944?format=json,,,2007.0,1993.0,2007.0,Y,N,16.0,14.0,Y,Y
95,B001288,"Booker, Cory A.",Democratic,New Jersey,https://api.congress.gov/v3/member/B001288?format=json,,,2013.0,,,Y,,10.0,,Y,N
96,B001277,"Blumenthal, Richard",Democratic,Connecticut,https://api.congress.gov/v3/member/B001277?format=json,,,2011.0,,,Y,,12.0,,Y,N
97,B001261,"Barrasso, John",Republican,Wyoming,https://api.congress.gov/v3/member/B001261?format=json,,,2007.0,,,Y,,16.0,,Y,N
98,B001267,"Bennet, Michael F.",Democratic,Colorado,https://api.congress.gov/v3/member/B001267?format=json,,,2009.0,,,Y,,14.0,,Y,N
99,B001230,"Baldwin, Tammy",Democratic,Wisconsin,https://api.congress.gov/v3/member/B001230?format=json,,,2013.0,1999.0,2013.0,Y,N,10.0,14.0,Y,Y
100,B001243,"Blackburn, Marsha",Republican,Tennessee,https://api.congress.gov/v3/member/B001243?format=json,,,2019.0,2003.0,2019.0,Y,N,4.0,16.0,Y,Y
107,B000966,"Broyhill, James T.",Republican,North Carolina,https://api.congress.gov/v3/member/B000966?format=json,,1987.0,1986.0,1963.0,1986.0,N,N,1.0,23.0,Y,Y
109,A000017,"Abourezk, James",Democratic,South Dakota,https://api.congress.gov/v3/member/A000017?format=json,,1979.0,1973.0,1971.0,1973.0,N,N,6.0,2.0,Y,Y
112,D000566,"Durenberger, Dave",Republican,Minnesota,https://api.congress.gov/v3/member/D000566?format=json,,1995.0,1977.0,,,N,,18.0,,Y,N
206,S001197,"Sasse, Ben",Republican,Nebraska,https://api.congress.gov/v3/member/S001197?format=json,,2023.0,2015.0,,,N,,8.0,,Y,N
237,P000449,"Portman, Rob",Republican,Ohio,https://api.congress.gov/v3/member/P000449?format=json,,2023.0,2011.0,1993.0,2007.0,N,N,12.0,14.0,Y,Y
238,T000461,"Toomey, Patrick",Republican,Pennsylvania,https://api.congress.gov/v3/member/T000461?format=json,,2023.0,2011.0,1999.0,2005.0,N,N,12.0,6.0,Y,Y
241,B000575,"Blunt, Roy",Republican,Missouri,https://api.congress.gov/v3/member/B000575?format=json,,2023.0,2011.0,1997.0,2011.0,N,N,12.0,14.0,Y,Y
245,S000320,"Shelby, Richard C.",Republican,Alabama,https://api.congress.gov/v3/member/S000320?format=json,,2023.0,1987.0,1979.0,1987.0,N,N,36.0,8.0,Y,Y
249,L000174,"Leahy, Patrick J.",Democratic,Vermont,https://api.congress.gov/v3/member/L000174?format=json,,2023.0,1975.0,,,N,,48.0,,Y,N
250,C000802,"Cotton, Norris",Republican,New Hampshire,https://api.congress.gov/v3/member/C000802?format=json,,1977.0,1953.0,1947.0,1953.0,N,N,24.0,6.0,Y,Y
251,C000721,"Cook, Marlow W.",Republican,Kentucky,https://api.congress.gov/v3/member/C000721?format=json,,1975.0,1967.0,,,N,,8.0,,Y,N
258,B001135,"Burr, Richard",Republican,North Carolina,https://api.congress.gov/v3/member/B001135?format=json,,2023.0,2005.0,1995.0,2005.0,N,N,18.0,10.0,Y,Y
264,I000024,"Inhofe, James M.",Republican,Oklahoma,https://api.congress.gov/v3/member/I000024?format=json,,2023.0,1994.0,1987.0,1995.0,N,N,29.0,8.0,Y,Y
288,L000594,"Loeffler, Kelly",Republican,Georgia,https://api.congress.gov/v3/member/L000594?format=json,,2021.0,2020.0,,,N,,1.0,,Y,N
294,H001075,"Harris, Kamala D.",Democratic,California,https://api.congress.gov/v3/member/H001075?format=json,,2021.0,2017.0,,,N,,4.0,,Y,N
443,J000300,"Jones, Doug",Democratic,Alabama,https://api.congress.gov/v3/member/J000300?format=json,,2021.0,2018.0,,,N,,3.0,,Y,N
450,S001202,"Strange, Luther",Republican,Alabama,https://api.congress.gov/v3/member/S001202?format=json,,2018.0,2017.0,,,N,,1.0,,Y,N
494,P000612,"Perdue, David",Republican,Georgia,https://api.congress.gov/v3/member/P000612?format=json,,2021.0,2015.0,,,N,,6.0,,Y,N
542,M001197,"McSally, Martha",Republican,Arizona,https://api.congress.gov/v3/member/M001197?format=json,,2020.0,2019.0,2015.0,2019.0,N,N,1.0,4.0,Y,Y
552,W000818,"Walsh, John E.",Democratic,Montana,https://api.congress.gov/v3/member/W000818?format=json,,2015.0,2014.0,,,N,,1.0,,Y,N
556,C001100,"Chiesa, Jeff",Republican,New Jersey,https://api.congress.gov/v3/member/C001100?format=json,,2013.0,2013.0,,,N,,0.0,,Y,N
585,C001099,"Cowan, William M.",Democratic,Massachusetts,https://api.congress.gov/v3/member/C001099?format=json,,2013.0,2013.0,,,N,,0.0,,Y,N
587,H001069,"Heitkamp, Heidi",Democratic,North Dakota,https://api.congress.gov/v3/member/H001069?format=json,,2019.0,2013.0,,,N,,6.0,,Y,N
626,K000360,"Kirk, Mark Steven",Republican,Illinois,https://api.congress.gov/v3/member/K000360?format=json,,2017.0,2010.0,2001.0,2010.0,N,N,7.0,9.0,Y,Y
628,O000167,"Obama, Barack",Democratic,Illinois,https://api.congress.gov/v3/member/O000167?format=json,,2008.0,2005.0,,,N,,3.0,,Y,N
630,C001071,"Corker, Bob",Republican,Tennessee,https://api.congress.gov/v3/member/C001071?format=json,,2019.0,2007.0,,,N,,12.0,,Y,N
632,W000803,"Webb, Jim",Democratic,Virginia,https://api.congress.gov/v3/member/W000803?format=json,,2013.0,2007.0,,,N,,6.0,,Y,N
633,M001170,"McCaskill, Claire",Democratic,Missouri,https://api.congress.gov/v3/member/M001170?format=json,,2019.0,2007.0,,,N,,12.0,,Y,N
637,T000254,"Thurmond, Strom",Republican,South Carolina,https://api.congress.gov/v3/member/T000254?format=json,,2003.0,1953.0,,,N,,50.0,,Y,N
638,A000368,"Ayotte, Kelly",Republican,New Hampshire,https://api.congress.gov/v3/member/A000368?format=json,,2017.0,2011.0,,,N,,6.0,,Y,N
644,G000561,"Goodwin, Carte Patrick",Democratic,West Virginia,https://api.congress.gov/v3/member/G000561?format=json,,2010.0,2010.0,,,N,,0.0,,Y,N
649,B001268,"Brown, Scott P.",Republican,Massachusetts,https://api.congress.gov/v3/member/B001268?format=json,,2013.0,2010.0,,,N,,3.0,,Y,N
652,L000572,"LeMieux, George S.",Republican,Florida,https://api.congress.gov/v3/member/L000572?format=json,,2011.0,2009.0,,,N,,2.0,,Y,N
654,M001162,"Martinez, Mel",Republican,Florida,https://api.congress.gov/v3/member/M001162?format=json,,2009.0,2005.0,,,N,,4.0,,Y,N
656,F000457,"Franken, Al",Democratic,Minnesota,https://api.congress.gov/v3/member/F000457?format=json,,2018.0,2009.0,,,N,,9.0,,Y,N
728,G000562,"Gardner, Cory",Republican,Colorado,https://api.congress.gov/v3/member/G000562?format=json,,2021.0,2015.0,2011.0,2015.0,N,N,6.0,4.0,Y,Y
739,K000374,"Kirk, Paul Grattan, Jr.",Democratic,Massachusetts,https://api.congress.gov/v3/member/K000374?format=json,,2010.0,2009.0,,,N,,1.0,,Y,N
740,S001163,"Salazar, Ken",Democratic,Colorado,https://api.congress.gov/v3/member/S001163?format=json,,2009.0,2005.0,,,N,,4.0,,Y,N
741,C001041,"Clinton, Hillary Rodham",Democratic,New York,https://api.congress.gov/v3/member/C001041?format=json,,2009.0,2001.0,,,N,,8.0,,Y,N
761,H001041,"Heller, Dean",Republican,Nevada,https://api.congress.gov/v3/member/H001041?format=json,,2019.0,2011.0,2007.0,2011.0,N,N,8.0,4.0,Y,Y
773,D000607,"Donnelly, Joe",Democratic,Indiana,https://api.congress.gov/v3/member/D000607?format=json,,2019.0,2013.0,2007.0,2013.0,N,N,6.0,6.0,Y,Y
840,K000373,"Kaufman, Edward E.",Democratic,Delaware,https://api.congress.gov/v3/member/K000373?format=json,,2010.0,2009.0,,,N,,1.0,,Y,N
841,B001266,"Burris, Roland",Democratic,Illinois,https://api.congress.gov/v3/member/B001266?format=json,,2010.0,2009.0,,,N,,1.0,,Y,N
842,H001049,"Hagan, Kay R.",Democratic,North Carolina,https://api.congress.gov/v3/member/H001049?format=json,,2015.0,2009.0,,,N,,6.0,,Y,N
843,J000291,"Johanns, Mike",Republican,Nebraska,https://api.congress.gov/v3/member/J000291?format=json,,2015.0,2009.0,,,N,,6.0,,Y,N
844,B001265,"Begich, Mark",Democratic,Alaska,https://api.congress.gov/v3/member/B001265?format=json,,2015.0,2009.0,,,N,,6.0,,Y,N
855,K000333,"Krueger, Robert C.",Democratic,Texas,https://api.congress.gov/v3/member/K000333?format=json,,1995.0,1993.0,1975.0,1979.0,N,N,2.0,4.0,Y,Y
856,D000294,"DeWine, Mike",Republican,Ohio,https://api.congress.gov/v3/member/D000294?format=json,,2007.0,1995.0,1983.0,1991.0,N,N,12.0,8.0,Y,Y
857,D000064,"Daschle, Thomas A.",Democratic,South Dakota,https://api.congress.gov/v3/member/D000064?format=json,,2005.0,1987.0,1979.0,1987.0,N,N,18.0,8.0,Y,Y
867,R000146,"Reid, Harry",Democratic,Nevada,https://api.congress.gov/v3/member/R000146?format=json,,2017.0,1987.0,1983.0,1987.0,N,N,30.0,4.0,Y,Y
882,Q000007,"Quayle, Dan",Republican,Indiana,https://api.congress.gov/v3/member/Q000007?format=json,,1991.0,1981.0,1977.0,1981.0,N,N,10.0,4.0,Y,Y
889,P000513,"Pressler, Larry",Republican,South Dakota,https://api.congress.gov/v3/member/P000513?format=json,,1997.0,1979.0,1975.0,1979.0,N,N,18.0,4.0,Y,Y
908,P000218,"Pepper, Claude",Democratic,Florida,https://api.congress.gov/v3/member/P000218?format=json,18.0,1951.0,1935.0,1963.0,1991.0,N,N,16.0,28.0,Y,Y
947,I000055,"Isakson, Johnny",Republican,Georgia,https://api.congress.gov/v3/member/I000055?format=json,,2019.0,2005.0,1999.0,2005.0,N,N,14.0,6.0,Y,Y
948,D000595,"DeMint, Jim",Republican,South Carolina,https://api.congress.gov/v3/member/D000595?format=json,,2013.0,2005.0,1999.0,2005.0,N,N,8.0,6.0,Y,Y
953,U000038,"Udall, Mark",Democratic,Colorado,https://api.congress.gov/v3/member/U000038?format=json,,2015.0,2009.0,1999.0,2009.0,N,N,6.0,10.0,Y,Y
972,V000126,"Voinovich, George V.",Republican,Ohio,https://api.congress.gov/v3/member/V000126?format=json,,2011.0,1999.0,,,N,,12.0,,Y,N
973,E000286,"Edwards, John",Democratic,North Carolina,https://api.congress.gov/v3/member/E000286?format=json,,2005.0,1999.0,,,N,,6.0,,Y,N
974,B001233,"Bayh, Evan",Democratic,Indiana,https://api.congress.gov/v3/member/B001233?format=json,,2011.0,1999.0,,,N,,12.0,,Y,N
975,F000442,"Fitzgerald, Peter",Republican,Illinois,https://api.congress.gov/v3/member/F000442?format=json,,2005.0,1999.0,,,N,,6.0,,Y,N
976,V000127,"Vitter, David",Republican,Louisiana,https://api.congress.gov/v3/member/V000127?format=json,,2017.0,2005.0,1999.0,2005.0,N,N,12.0,6.0,Y,Y
977,U000039,"Udall, Tom",Democratic,New Mexico,https://api.congress.gov/v3/member/U000039?format=json,,2021.0,2009.0,1999.0,2009.0,N,N,12.0,10.0,Y,Y
988,S001141,"Sessions, Jeff",Republican,Alabama,https://api.congress.gov/v3/member/S001141?format=json,,2017.0,1997.0,,,N,,20.0,,Y,N
989,H001028,"Hagel, Chuck",Republican,Nebraska,https://api.congress.gov/v3/member/H001028?format=json,,2009.0,1997.0,,,N,,12.0,,Y,N
990,E000285,"Enzi, Michael B.",Republican,Wyoming,https://api.congress.gov/v3/member/E000285?format=json,,2021.0,1997.0,,,N,,24.0,,Y,N
991,C001034,"Cleland, Max",Democratic,Georgia,https://api.congress.gov/v3/member/C001034?format=json,,2003.0,1997.0,,,N,,6.0,,Y,N
996,S001078,"Sununu, John E.",Republican,New Hampshire,https://api.congress.gov/v3/member/S001078?format=json,,2009.0,2003.0,1997.0,2003.0,N,N,6.0,6.0,Y,Y
1061,Z000013,"Zorinsky, Edward",Democratic,Nebraska,https://api.congress.gov/v3/member/Z000013?format=json,,1989.0,1977.0,,,N,,12.0,,Y,N
1062,Y000047,"Young, Milton R.",Republican,North Dakota,https://api.congress.gov/v3/member/Y000047?format=json,,1981.0,1945.0,,,N,,36.0,,Y,N
1063,W000665,"Wofford, Harris",Democratic,Pennsylvania,https://api.congress.gov/v3/member/W000665?format=json,,1995.0,1991.0,,,N,,4.0,,Y,N
1064,W000607,"Wilson, Pete",Republican,California,https://api.congress.gov/v3/member/W000607?format=json,,1993.0,1983.0,,,N,,10.0,,Y,N
1065,W000502,"Williams, Harrison A., Jr.",Democratic,New Jersey,https://api.congress.gov/v3/member/W000502?format=json,,1982.0,1959.0,1953.0,1957.0,N,N,23.0,4.0,Y,Y
1066,W000288,"Wellstone, Paul D.",Democratic,Minnesota,https://api.congress.gov/v3/member/W000288?format=json,,2002.0,1991.0,,,N,,11.0,,Y,N
1067,W000253,"Weicker, Lowell P., Jr.",Republican,Connecticut,https://api.congress.gov/v3/member/W000253?format=json,,1989.0,1973.0,1969.0,1971.0,N,N,16.0,2.0,Y,Y
1068,W000092,"Wallop, Malcolm",Republican,Wyoming,https://api.congress.gov/v3/member/W000092?format=json,,1995.0,1977.0,,,N,,18.0,,Y,N
1069,T000410,"Tunney, John V.",Democratic,California,https://api.congress.gov/v3/member/T000410?format=json,,1977.0,1973.0,1965.0,1973.0,N,N,4.0,8.0,Y,Y
1070,T000322,"Tower, John G.",Republican,Texas,https://api.congress.gov/v3/member/T000322?format=json,,1985.0,1961.0,,,N,,24.0,,Y,N
1071,T000457,"Thompson, Fred",Republican,Tennessee,https://api.congress.gov/v3/member/T000457?format=json,,2003.0,1994.0,,,N,,9.0,,Y,N
1072,B000401,"Bentsen, Lloyd M.",Democratic,Texas,https://api.congress.gov/v3/member/B000401?format=json,,1993.0,1971.0,1947.0,1955.0,N,N,22.0,8.0,Y,Y
1073,B000384,"Bennett, Wallace F.",Republican,Utah,https://api.congress.gov/v3/member/B000384?format=json,,1975.0,1951.0,,,N,,24.0,,Y,N
1074,B000382,"Bennett, Robert F.",Republican,Utah,https://api.congress.gov/v3/member/B000382?format=json,,2011.0,1993.0,,,N,,18.0,,Y,N
1075,B000351,"Bellmon, Henry L.",Republican,Oklahoma,https://api.congress.gov/v3/member/B000351?format=json,,1981.0,1969.0,,,N,,12.0,,Y,N
1076,B000272,"Beall, J. Glenn, Jr.",Republican,Maryland,https://api.congress.gov/v3/member/B000272?format=json,,1977.0,1973.0,1969.0,1971.0,N,N,4.0,2.0,Y,Y
1077,B000254,"Bayh, Birch",Democratic,Indiana,https://api.congress.gov/v3/member/B000254?format=json,,1981.0,1963.0,,,N,,18.0,,Y,N
1078,B000200,"Bartlett, Dewey F.",Republican,Oklahoma,https://api.congress.gov/v3/member/B000200?format=json,,1979.0,1973.0,,,N,,6.0,,Y,N
1079,B000063,"Baker, Howard H., Jr.",Republican,Tennessee,https://api.congress.gov/v3/member/B000063?format=json,,1985.0,1967.0,,,N,,18.0,,Y,N
1080,A000356,"Ashcroft, John",Republican,Missouri,https://api.congress.gov/v3/member/A000356?format=json,,2001.0,1995.0,,,N,,6.0,,Y,N
1081,A000202,"Anderson, Wendell R.",Democratic,Minnesota,https://api.congress.gov/v3/member/A000202?format=json,,1979.0,1977.0,,,N,,2.0,,Y,N
1082,A000139,"Allen, Maryon",Democratic,Alabama,https://api.congress.gov/v3/member/A000139?format=json,,1979.0,1977.0,,,N,,2.0,,Y,N
1083,A000127,"Allen, James B.",Democratic,Alabama,https://api.congress.gov/v3/member/A000127?format=json,,1979.0,1969.0,,,N,,10.0,,Y,N
1084,A000062,"Aiken, George",Republican,Vermont,https://api.congress.gov/v3/member/A000062?format=json,,1975.0,1941.0,,,N,,34.0,,Y,N
1085,A000355,"Abraham, Spencer",Republican,Michigan,https://api.congress.gov/v3/member/A000355?format=json,,2001.0,1995.0,,,N,,6.0,,Y,N
1102,W000782,"Wyman, Louis C.",Republican,New Hampshire,https://api.congress.gov/v3/member/W000782?format=json,,1975.0,1974.0,1963.0,1965.0,N,N,1.0,2.0,Y,Y
1115,W000647,"Wirth, Timothy",Democratic,Colorado,https://api.congress.gov/v3/member/W000647?format=json,,1993.0,1987.0,1975.0,1987.0,N,N,6.0,12.0,Y,Y
1178,T000393,"Tsongas, Paul E.",Democratic,Massachusetts,https://api.congress.gov/v3/member/T000393?format=json,,1985.0,1979.0,1975.0,1979.0,N,N,6.0,4.0,Y,Y
1179,T000367,"Trible, Paul S., Jr.",Republican,Virginia,https://api.congress.gov/v3/member/T000367?format=json,,1989.0,1983.0,1977.0,1983.0,N,N,6.0,6.0,Y,Y
1185,T000317,"Torricelli, Robert G.",Democratic,New Jersey,https://api.congress.gov/v3/member/T000317?format=json,,2003.0,1997.0,1983.0,1997.0,N,N,6.0,14.0,Y,Y
1199,T000162,"Thomas, Craig",Republican,Wyoming,https://api.congress.gov/v3/member/T000162?format=json,,2007.0,1995.0,1989.0,1995.0,N,N,12.0,6.0,Y,Y
1213,T000024,"Talent, Jim",Republican,Missouri,https://api.congress.gov/v3/member/T000024?format=json,,2007.0,2002.0,1993.0,2001.0,N,N,5.0,8.0,Y,Y
1216,S001138,"Symms, Steven D.",Republican,Idaho,https://api.congress.gov/v3/member/S001138?format=json,,1993.0,1981.0,1973.0,1981.0,N,N,12.0,8.0,Y,Y
1263,S000663,"Snowe, Olympia J.",Republican,Maine,https://api.congress.gov/v3/member/S000663?format=json,,2013.0,1995.0,1979.0,1995.0,N,N,18.0,16.0,Y,Y
1266,S000606,"Smith, Bob",Republican,New Hampshire,https://api.congress.gov/v3/member/S000606?format=json,,2003.0,1991.0,1985.0,1991.0,N,N,12.0,6.0,Y,Y
1289,S000423,"Simon, Paul",Democratic,Illinois,https://api.congress.gov/v3/member/S000423?format=json,,1997.0,1985.0,1975.0,1985.0,N,N,12.0,10.0,Y,Y
1327,S000064,"Sarbanes, Paul S.",Democratic,Maryland,https://api.congress.gov/v3/member/S000064?format=json,,2007.0,1977.0,1971.0,1977.0,N,N,30.0,6.0,Y,Y
1328,S000059,"Santorum, Rick",Republican,Pennsylvania,https://api.congress.gov/v3/member/S000059?format=json,,2007.0,1995.0,1991.0,1995.0,N,N,12.0,4.0,Y,Y
1372,R000307,"Roberts, Pat",Republican,Kansas,https://api.congress.gov/v3/member/R000307?format=json,,2021.0,1997.0,1981.0,1997.0,N,N,24.0,16.0,Y,Y
1379,R000249,"Riegle, Donald W., Jr.",Democratic,Michigan,https://api.congress.gov/v3/member/R000249?format=json,,1995.0,1977.0,1967.0,1977.0,N,N,18.0,10.0,Y,Y
1384,B000780,"Breaux, John B.",Democratic,Louisiana,https://api.congress.gov/v3/member/B000780?format=json,,2005.0,1987.0,1971.0,1987.0,N,N,18.0,16.0,Y,Y
1388,B000711,"Boxer, Barbara",Democratic,California,https://api.congress.gov/v3/member/B000711?format=json,,2017.0,1993.0,1983.0,1993.0,N,N,24.0,10.0,Y,Y
1425,N000032,"Nelson, Bill",Democratic,Florida,https://api.congress.gov/v3/member/N000032?format=json,,2019.0,2001.0,1979.0,1991.0,N,N,18.0,12.0,Y,Y
1481,M000702,"Mikulski, Barbara A.",Democratic,Maryland,https://api.congress.gov/v3/member/M000702?format=json,,2017.0,1987.0,1977.0,1987.0,N,N,30.0,10.0,Y,Y
1491,M000635,"Melcher, John",Democratic,Montana,https://api.congress.gov/v3/member/M000635?format=json,,1989.0,1977.0,1969.0,1977.0,N,N,12.0,8.0,Y,Y
1525,M000303,"McCain, John",Republican,Arizona,https://api.congress.gov/v3/member/M000303?format=json,,2018.0,1987.0,1983.0,1987.0,N,N,31.0,4.0,Y,Y
1530,M000250,"Matsunaga, Spark M.",Democratic,Hawaii,https://api.congress.gov/v3/member/M000250?format=json,,1991.0,1977.0,1963.0,1977.0,N,N,14.0,14.0,Y,Y
1556,M000019,"Mack, Connie, III",Republican,Florida,https://api.congress.gov/v3/member/M000019?format=json,,2001.0,1989.0,1983.0,1989.0,N,N,12.0,6.0,Y,Y
1570,L000447,"Lott, Trent",Republican,Mississippi,https://api.congress.gov/v3/member/L000447?format=json,,2007.0,1989.0,1973.0,1989.0,N,N,18.0,16.0,Y,Y
1573,T000035,"Talmadge, Herman E.",Democratic,Georgia,https://api.congress.gov/v3/member/T000035?format=json,,1981.0,1957.0,,,N,,24.0,,Y,N
1574,T000010,"Taft, Robert, Jr.",Republican,Ohio,https://api.congress.gov/v3/member/T000010?format=json,,1977.0,1971.0,1963.0,1965.0,N,N,6.0,2.0,Y,Y
1575,S001136,"Symington, Stuart",Democratic,Missouri,https://api.congress.gov/v3/member/S001136?format=json,,1977.0,1953.0,,,N,,24.0,,Y,N
1576,S000962,"Stone, Richard (Dick)",Democratic,Florida,https://api.congress.gov/v3/member/S000962?format=json,,1981.0,1975.0,,,N,,6.0,,Y,N
1577,S000907,"Stewart, Donald",Democratic,Alabama,https://api.congress.gov/v3/member/S000907?format=json,,1981.0,1977.0,,,N,,4.0,,Y,N
1578,S000890,"Stevenson, Adlai E., III",Democratic,Illinois,https://api.congress.gov/v3/member/S000890?format=json,,1981.0,1969.0,,,N,,12.0,,Y,N
1579,S000888,"Stevens, Ted",Republican,Alaska,https://api.congress.gov/v3/member/S000888?format=json,,2009.0,1967.0,,,N,,42.0,,Y,N
1580,S000852,"Stennis, John C.",Democratic,Mississippi,https://api.congress.gov/v3/member/S000852?format=json,,1989.0,1947.0,,,N,,42.0,,Y,N
1581,S000776,"Stafford, Robert T.",Republican,Vermont,https://api.congress.gov/v3/member/S000776?format=json,,1989.0,1971.0,1961.0,1971.0,N,N,18.0,10.0,Y,Y
1582,S000709,"Specter, Arlen",Democratic,Pennsylvania,https://api.congress.gov/v3/member/S000709?format=json,,2011.0,1981.0,,,N,,30.0,,Y,N
1583,S000701,"Sparkman, John J.",Democratic,Alabama,https://api.congress.gov/v3/member/S000701?format=json,,1979.0,1945.0,1937.0,1945.0,N,N,34.0,8.0,Y,Y
1584,S000429,"Simpson, Alan K.",Republican,Wyoming,https://api.congress.gov/v3/member/S000429?format=json,,1997.0,1979.0,,,N,,18.0,,Y,N
1585,S000269,"Seymour, John",Republican,California,https://api.congress.gov/v3/member/S000269?format=json,,1993.0,1991.0,,,N,,2.0,,Y,N
1586,S000189,"Scott, William Lloyd",Republican,Virginia,https://api.congress.gov/v3/member/S000189?format=json,,1979.0,1973.0,1967.0,1973.0,N,N,6.0,6.0,Y,Y
1587,S000174,"Scott, Hugh",Republican,Pennsylvania,https://api.congress.gov/v3/member/S000174?format=json,,1977.0,1959.0,1941.0,1945.0,N,N,18.0,4.0,Y,Y
1588,S000159,"Schweiker, Richard S.",Republican,Pennsylvania,https://api.congress.gov/v3/member/S000159?format=json,,1981.0,1969.0,1961.0,1969.0,N,N,12.0,8.0,Y,Y
1589,S000132,"Schmitt, Harrison H.",Republican,New Mexico,https://api.congress.gov/v3/member/S000132?format=json,,1983.0,1977.0,,,N,,6.0,,Y,N
1590,S000096,"Saxbe, William B.",Republican,Ohio,https://api.congress.gov/v3/member/S000096?format=json,,1975.0,1969.0,,,N,,6.0,,Y,N
1591,S000068,"Sasser, Jim",Democratic,Tennessee,https://api.congress.gov/v3/member/S000068?format=json,,1995.0,1977.0,,,N,,18.0,,Y,N
1592,S000055,"Sanford, Terry",Democratic,North Carolina,https://api.congress.gov/v3/member/S000055?format=json,,1993.0,1985.0,,,N,,8.0,,Y,N
1593,R000497,"Rudman, Warren",Republican,New Hampshire,https://api.congress.gov/v3/member/R000497?format=json,,1993.0,1981.0,,,N,,12.0,,Y,N
1594,R000460,"Roth Jr., William V.",Republican,Delaware,https://api.congress.gov/v3/member/R000460?format=json,,2001.0,1969.0,1967.0,1969.0,N,N,32.0,2.0,Y,Y
1595,R000361,"Rockefeller, John D., IV",Democratic,West Virginia,https://api.congress.gov/v3/member/R000361?format=json,,2015.0,1985.0,,,N,,30.0,,Y,N
1596,R000295,"Robb, Charles S.",Democratic,Virginia,https://api.congress.gov/v3/member/R000295?format=json,,2001.0,1989.0,,,N,,12.0,,Y,N
1597,R000191,"Ribicoff, Abraham A.",Democratic,Connecticut,https://api.congress.gov/v3/member/R000191?format=json,,1981.0,1963.0,1949.0,1953.0,N,N,18.0,4.0,Y,Y
1598,R000046,"Randolph, Jennings",Democratic,West Virginia,https://api.congress.gov/v3/member/R000046?format=json,,1985.0,1957.0,1933.0,1947.0,N,N,28.0,14.0,Y,Y
1599,P000556,"Pryor, David H.",Democratic,Arkansas,https://api.congress.gov/v3/member/P000556?format=json,,1997.0,1979.0,1965.0,1973.0,N,N,18.0,8.0,Y,Y
1600,P000553,"Proxmire, William",Democratic,Wisconsin,https://api.congress.gov/v3/member/P000553?format=json,,1989.0,1957.0,,,N,,32.0,,Y,N
1601,P000222,"Percy, Charles H.",Republican,Illinois,https://api.congress.gov/v3/member/P000222?format=json,,1985.0,1967.0,,,N,,18.0,,Y,N
1602,P000193,"Pell, Claiborne",Democratic,Rhode Island,https://api.congress.gov/v3/member/P000193?format=json,,1997.0,1961.0,,,N,,36.0,,Y,N
1603,P000166,"Pearson, James B.",Republican,Kansas,https://api.congress.gov/v3/member/P000166?format=json,,1979.0,1961.0,,,N,,18.0,,Y,N
1604,P000100,"Pastore, John O.",Democratic,Rhode Island,https://api.congress.gov/v3/member/P000100?format=json,,1977.0,1949.0,,,N,,28.0,,Y,N
1605,P000009,"Packwood, Bob",Republican,Oregon,https://api.congress.gov/v3/member/P000009?format=json,,1997.0,1969.0,,,N,,28.0,,Y,N
1606,N000171,"Nunn, Sam",Democratic,Georgia,https://api.congress.gov/v3/member/N000171?format=json,,1997.0,1971.0,,,N,,26.0,,Y,N
1607,N000102,"Nickles, Don",Republican,Oklahoma,https://api.congress.gov/v3/member/N000102?format=json,,2005.0,1981.0,,,N,,24.0,,Y,N
1608,N000033,"Nelson, Gaylord",Democratic,Wisconsin,https://api.congress.gov/v3/member/N000033?format=json,,1981.0,1963.0,,,N,,18.0,,Y,N
1609,M001121,"Muskie, Edmund S.",Democratic,Maine,https://api.congress.gov/v3/member/M001121?format=json,,1981.0,1959.0,,,N,,22.0,,Y,N
1610,M001085,"Murkowski, Frank H.",Republican,Alaska,https://api.congress.gov/v3/member/M001085?format=json,,2002.0,1981.0,,,N,,21.0,,Y,N
1611,M001054,"Moynihan, Daniel Patrick",Democratic,New York,https://api.congress.gov/v3/member/M001054?format=json,,2001.0,1977.0,,,N,,24.0,,Y,N
1612,M001033,"Moss, Frank E.",Democratic,Utah,https://api.congress.gov/v3/member/M001033?format=json,,1977.0,1959.0,,,N,,18.0,,Y,N
1613,M001025,"Moseley-Braun, Carol",Democratic,Illinois,https://api.congress.gov/v3/member/M001025?format=json,,1999.0,1993.0,,,N,,6.0,,Y,N
1614,M000956,"Morgan, Robert B.",Democratic,North Carolina,https://api.congress.gov/v3/member/M000956?format=json,,1981.0,1975.0,,,N,,6.0,,Y,N
1615,M000876,"Montoya, Joseph M.",Democratic,New Mexico,https://api.congress.gov/v3/member/M000876?format=json,,1977.0,1963.0,1957.0,1963.0,N,N,14.0,6.0,Y,Y
1616,M000851,"Mondale, Walter F.",Democratic,Minnesota,https://api.congress.gov/v3/member/M000851?format=json,,1977.0,1963.0,,,N,,14.0,,Y,N
1617,M000811,"Mitchell, George J.",Democratic,Maine,https://api.congress.gov/v3/member/M000811?format=json,,1995.0,1979.0,,,N,,16.0,,Y,N
1618,M000678,"Metzenbaum, Howard M.",Democratic,Ohio,https://api.congress.gov/v3/member/M000678?format=json,,1975.0,1973.0,,,N,,2.0,,Y,N
1619,M000671,"Metcalf, Lee",Democratic,Montana,https://api.congress.gov/v3/member/M000671?format=json,,1979.0,1961.0,1953.0,1961.0,N,N,18.0,8.0,Y,Y
1620,M000486,"McIntyre, Thomas J.",Democratic,New Hampshire,https://api.congress.gov/v3/member/M000486?format=json,,1979.0,1961.0,,,N,,18.0,,Y,N
1621,M000452,"McGovern, George",Democratic,South Dakota,https://api.congress.gov/v3/member/M000452?format=json,,1981.0,1963.0,1957.0,1961.0,N,N,18.0,4.0,Y,Y
1622,M000445,"McGee, Gale W.",Democratic,Wyoming,https://api.congress.gov/v3/member/M000445?format=json,,1977.0,1959.0,,,N,,18.0,,Y,N
1623,M000346,"McClure, James A.",Republican,Idaho,https://api.congress.gov/v3/member/M000346?format=json,,1991.0,1973.0,1967.0,1973.0,N,N,18.0,6.0,Y,Y
1624,M000332,"McClellan, John L.",Democratic,Arkansas,https://api.congress.gov/v3/member/M000332?format=json,,1979.0,1973.0,1935.0,1939.0,N,N,6.0,4.0,Y,Y
1625,M000257,"Mattingly, Mack",Republican,Georgia,https://api.congress.gov/v3/member/M000257?format=json,,1987.0,1981.0,,,N,,6.0,,Y,N
1626,M000241,"Mathias, Charles McC., Jr.",Republican,Maryland,https://api.congress.gov/v3/member/M000241?format=json,,1987.0,1973.0,1961.0,1969.0,N,N,14.0,8.0,Y,Y
1627,M000236,"Mathews, Harlan",Democratic,Tennessee,https://api.congress.gov/v3/member/M000236?format=json,,1995.0,1993.0,,,N,,2.0,,Y,N
1628,M000113,"Mansfield, Mike",Democratic,Montana,https://api.congress.gov/v3/member/M000113?format=json,,1977.0,1953.0,1943.0,1953.0,N,N,24.0,10.0,Y,Y
1629,M000053,"Magnuson, Warren G.",Democratic,Washington,https://api.congress.gov/v3/member/M000053?format=json,,1981.0,1945.0,1937.0,1943.0,N,N,36.0,6.0,Y,Y
1630,L000504,"Lugar, Richard G.",Republican,Indiana,https://api.congress.gov/v3/member/L000504?format=json,,2013.0,1977.0,,,N,,36.0,,Y,N
1631,L000428,"Long, Russell B.",Democratic,Louisiana,https://api.congress.gov/v3/member/L000428?format=json,,1987.0,1947.0,,,N,,40.0,,Y,N
1632,L000304,"Lieberman, Joseph I.",Independent Democrat,Connecticut,https://api.congress.gov/v3/member/L000304?format=json,,2013.0,1989.0,,,N,,24.0,,Y,N
1633,L000261,"Levin, Carl",Democratic,Michigan,https://api.congress.gov/v3/member/L000261?format=json,,2015.0,1979.0,,,N,,36.0,,Y,N
1634,L000148,"Laxalt, Paul D.",Republican,Nevada,https://api.congress.gov/v3/member/L000148?format=json,,1987.0,1973.0,,,N,,14.0,,Y,N
1635,L000123,"Lautenberg, Frank R.",Democratic,New Jersey,https://api.congress.gov/v3/member/L000123?format=json,,2001.0,1983.0,,,N,,18.0,,Y,N
1636,K000305,"Kohl, Herb",Democratic,Wisconsin,https://api.congress.gov/v3/member/K000305?format=json,,2013.0,1989.0,,,N,,24.0,,Y,N
1637,K000148,"Kerry, John F.",Democratic,Massachusetts,https://api.congress.gov/v3/member/K000148?format=json,,2013.0,1985.0,,,N,,28.0,,Y,N
1638,K000146,"Kerrey, J. Robert",Democratic,Nebraska,https://api.congress.gov/v3/member/K000146?format=json,,2001.0,1989.0,,,N,,12.0,,Y,N
1639,K000105,"Kennedy, Edward M.",Democratic,Massachusetts,https://api.congress.gov/v3/member/K000105?format=json,,2009.0,1961.0,,,N,,48.0,,Y,N
1640,K000088,"Kempthorne, Dirk",Republican,Idaho,https://api.congress.gov/v3/member/K000088?format=json,,1999.0,1993.0,,,N,,6.0,,Y,N
1641,K000017,"Kassebaum, Nancy Landon",Republican,Kansas,https://api.congress.gov/v3/member/K000017?format=json,,1997.0,1979.0,,,N,,18.0,,Y,N
1642,K000011,"Karnes, David K.",Republican,Nebraska,https://api.congress.gov/v3/member/K000011?format=json,,1989.0,1987.0,,,N,,2.0,,Y,N
1643,J000189,"Johnston, J. Bennett",Democratic,Louisiana,https://api.congress.gov/v3/member/J000189?format=json,,1997.0,1971.0,,,N,,26.0,,Y,N
1644,J000101,"Jepsen, Roger W.",Republican,Iowa,https://api.congress.gov/v3/member/J000101?format=json,,1985.0,1979.0,,,N,,6.0,,Y,N
1645,J000064,"Javits, Jacob K.",Republican,New York,https://api.congress.gov/v3/member/J000064?format=json,,1981.0,1957.0,1947.0,1955.0,N,N,24.0,8.0,Y,Y
1646,J000013,"Jackson, Henry M.",Democratic,Washington,https://api.congress.gov/v3/member/J000013?format=json,,1985.0,1953.0,1941.0,1953.0,N,N,32.0,12.0,Y,Y
1647,I000025,"Inouye, Daniel K.",Democratic,Hawaii,https://api.congress.gov/v3/member/I000025?format=json,,2012.0,1963.0,1959.0,1963.0,N,N,49.0,4.0,Y,Y
1648,H001016,"Hutchison, Kay Bailey",Republican,Texas,https://api.congress.gov/v3/member/H001016?format=json,,2013.0,1993.0,,,N,,20.0,,Y,N
1649,H000956,"Humphrey, Muriel",Democratic,Minnesota,https://api.congress.gov/v3/member/H000956?format=json,,1979.0,1977.0,,,N,,2.0,,Y,N
1650,H000953,"Humphrey, Hubert H.",Democratic,Minnesota,https://api.congress.gov/v3/member/H000953?format=json,,1965.0,1949.0,,,N,,16.0,,Y,N
1651,H000951,"Humphrey, Gordon J.",Republican,New Hampshire,https://api.congress.gov/v3/member/H000951?format=json,,1991.0,1979.0,,,N,,12.0,,Y,N
1652,H000922,"Hughes, Harold E.",Democratic,Iowa,https://api.congress.gov/v3/member/H000922?format=json,,1975.0,1969.0,,,N,,6.0,,Y,N
1653,H000905,"Huddleston, Walter (Dee)",Democratic,Kentucky,https://api.congress.gov/v3/member/H000905?format=json,,1985.0,1973.0,,,N,,12.0,,Y,N
1654,H000875,"Hruska, Roman L.",Republican,Nebraska,https://api.congress.gov/v3/member/H000875?format=json,,1977.0,1953.0,,,N,,24.0,,Y,N
1655,H000725,"Hollings, Ernest F.",Democratic,South Carolina,https://api.congress.gov/v3/member/H000725?format=json,,2005.0,1965.0,,,N,,40.0,,Y,N
1656,H000675,"Hodges, Kaneaster, Jr.",Democratic,Arkansas,https://api.congress.gov/v3/member/H000675?format=json,,1979.0,1977.0,,,N,,2.0,,Y,N
1657,H000463,"Helms, Jesse",Republican,North Carolina,https://api.congress.gov/v3/member/H000463?format=json,,2003.0,1973.0,,,N,,30.0,,Y,N
1658,H000445,"Heflin, Howell",Democratic,Alabama,https://api.congress.gov/v3/member/H000445?format=json,,1997.0,1979.0,,,N,,18.0,,Y,N
1659,H000439,"Hecht, Chic",Republican,Nevada,https://api.congress.gov/v3/member/H000439?format=json,,1989.0,1983.0,,,N,,6.0,,Y,N
1660,H000384,"Hayakawa, Samuel Ichiye",Republican,California,https://api.congress.gov/v3/member/H000384?format=json,,1983.0,1977.0,,,N,,6.0,,Y,N
1661,H000374,"Hawkins, Paula",Republican,Florida,https://api.congress.gov/v3/member/H000374?format=json,,1987.0,1981.0,,,N,,6.0,,Y,N
1662,H000346,"Hathaway, William D.",Democratic,Maine,https://api.congress.gov/v3/member/H000346?format=json,,1979.0,1973.0,1965.0,1973.0,N,N,6.0,8.0,Y,Y
1663,H000344,"Hatfield, Paul",Democratic,Montana,https://api.congress.gov/v3/member/H000344?format=json,,1979.0,1977.0,,,N,,2.0,,Y,N
1664,H000343,"Hatfield, Mark O.",Republican,Oregon,https://api.congress.gov/v3/member/H000343?format=json,,1997.0,1967.0,,,N,,30.0,,Y,N
1665,H000338,"Hatch, Orrin G.",Republican,Utah,https://api.congress.gov/v3/member/H000338?format=json,,2019.0,1977.0,,,N,,42.0,,Y,N
1666,H000317,"Haskell, Floyd K.",Democratic,Colorado,https://api.congress.gov/v3/member/H000317?format=json,,1979.0,1973.0,,,N,,6.0,,Y,N
1667,H000297,"Hartke, Vance",Democratic,Indiana,https://api.congress.gov/v3/member/H000297?format=json,,1977.0,1959.0,,,N,,18.0,,Y,N
1668,H000291,"Hart, Philip A.",Democratic,Michigan,https://api.congress.gov/v3/member/H000291?format=json,,1977.0,1959.0,,,N,,18.0,,Y,N
1669,H000287,"Hart, Gary W.",Democratic,Colorado,https://api.congress.gov/v3/member/H000287?format=json,,1987.0,1975.0,,,N,,12.0,,Y,N
1670,H000170,"Hansen, Clifford P.",Republican,Wyoming,https://api.congress.gov/v3/member/H000170?format=json,,1979.0,1967.0,,,N,,12.0,,Y,N
1671,G000531,"Gurney, Edward J.",Republican,Florida,https://api.congress.gov/v3/member/G000531?format=json,,1975.0,1973.0,1963.0,1969.0,N,N,2.0,6.0,Y,Y
1672,G000465,"Griffin, Robert P.",Republican,Michigan,https://api.congress.gov/v3/member/G000465?format=json,,1979.0,1973.0,1957.0,1965.0,N,N,6.0,8.0,Y,Y
1673,G000388,"Gravel, Mike",Democratic,Alaska,https://api.congress.gov/v3/member/G000388?format=json,,1981.0,1969.0,,,N,,12.0,,Y,N
1674,G000352,"Graham, Bob",Democratic,Florida,https://api.congress.gov/v3/member/G000352?format=json,,2005.0,1987.0,,,N,,18.0,,Y,N
1675,G000333,"Gorton, Slade",Republican,Washington,https://api.congress.gov/v3/member/G000333?format=json,,1987.0,1981.0,,,N,,6.0,,Y,N
1676,G000267,"Goldwater, Barry",Republican,Arizona,https://api.congress.gov/v3/member/G000267?format=json,,1965.0,1953.0,,,N,,12.0,,Y,N
1677,G000236,"Glenn, John H., Jr.",Democratic,Ohio,https://api.congress.gov/v3/member/G000236?format=json,,1999.0,1975.0,,,N,,24.0,,Y,N
1678,G000072,"Garn, E. J. (Jake)",Republican,Utah,https://api.congress.gov/v3/member/G000072?format=json,,1993.0,1975.0,,,N,,18.0,,Y,N
1679,F000401,"Fulbright, James",Democratic,Arkansas,https://api.congress.gov/v3/member/F000401?format=json,,1947.0,1945.0,1943.0,1945.0,N,N,2.0,2.0,Y,Y
1680,F000439,"Frist, William H.",Republican,Tennessee,https://api.congress.gov/v3/member/F000439?format=json,,2007.0,1995.0,,,N,,12.0,,Y,N
1681,F000438,"Frahm, Sheila",Republican,Kansas,https://api.congress.gov/v3/member/F000438?format=json,,1997.0,1995.0,,,N,,2.0,,Y,N
1682,F000268,"Ford, Wendell H.",Democratic,Kentucky,https://api.congress.gov/v3/member/F000268?format=json,,1999.0,1975.0,,,N,,24.0,,Y,N
1683,F000245,"Fong, Hiram L.",Republican,Hawaii,https://api.congress.gov/v3/member/F000245?format=json,,1977.0,1959.0,,,N,,18.0,,Y,N
1684,F000061,"Feingold, Russell D.",Democratic,Wisconsin,https://api.congress.gov/v3/member/F000061?format=json,,2011.0,1993.0,,,N,,18.0,,Y,N
1685,F000013,"Fannin, Paul J.",Republican,Arizona,https://api.congress.gov/v3/member/F000013?format=json,,1977.0,1965.0,,,N,,12.0,,Y,N
1686,F000437,"Faircloth, Lauch",Republican,North Carolina,https://api.congress.gov/v3/member/F000437?format=json,,1999.0,1993.0,,,N,,6.0,,Y,N
1687,E000284,"Exon, J. James",Democratic,Nebraska,https://api.congress.gov/v3/member/E000284?format=json,,1997.0,1979.0,,,N,,18.0,,Y,N
1688,E000236,"Evans, Daniel J.",Republican,Washington,https://api.congress.gov/v3/member/E000236?format=json,,1989.0,1983.0,,,N,,6.0,,Y,N
1689,E000211,"Ervin, Sam J., Jr.",Democratic,North Carolina,https://api.congress.gov/v3/member/E000211?format=json,,1975.0,1973.0,1945.0,1947.0,N,N,2.0,2.0,Y,Y
1690,E000018,"Eastland, James O.",Democratic,Mississippi,https://api.congress.gov/v3/member/E000018?format=json,,1979.0,1941.0,,,N,,38.0,,Y,N
1691,E000017,"East, John P.",Republican,North Carolina,https://api.congress.gov/v3/member/E000017?format=json,,1987.0,1981.0,,,N,,6.0,,Y,N
1692,E000004,"Eagleton, Thomas F.",Democratic,Missouri,https://api.congress.gov/v3/member/E000004?format=json,,1987.0,1967.0,,,N,,20.0,,Y,N
1693,D000574,"Durkin, John A.",Democratic,New Hampshire,https://api.congress.gov/v3/member/D000574?format=json,,1981.0,1975.0,,,N,,6.0,,Y,N
1694,D000409,"Dominick, Peter H.",Republican,Colorado,https://api.congress.gov/v3/member/D000409?format=json,,1975.0,1973.0,1961.0,1963.0,N,N,2.0,2.0,Y,Y
1695,D000407,"Domenici, Pete V.",Republican,New Mexico,https://api.congress.gov/v3/member/D000407?format=json,,2009.0,1973.0,,,N,,36.0,,Y,N
1696,D000401,"Dole, Robert J.",Republican,Kansas,https://api.congress.gov/v3/member/D000401?format=json,,1997.0,1969.0,1961.0,1969.0,N,N,28.0,8.0,Y,Y
1697,D000366,"Dixon, Alan J.",Democratic,Illinois,https://api.congress.gov/v3/member/D000366?format=json,,1993.0,1981.0,,,N,,12.0,,Y,N
1698,D000259,"Denton, Jeremiah",Republican,Alabama,https://api.congress.gov/v3/member/D000259?format=json,,1987.0,1981.0,,,N,,6.0,,Y,N
1699,D000185,"DeConcini, Dennis",Democratic,Arizona,https://api.congress.gov/v3/member/D000185?format=json,,1995.0,1977.0,,,N,,18.0,,Y,N
1700,D000030,"Danforth, John C.",Republican,Missouri,https://api.congress.gov/v3/member/D000030?format=json,,1995.0,1977.0,,,N,,18.0,,Y,N
1701,D000018,"D'Amato, Alfonse",Republican,New York,https://api.congress.gov/v3/member/D000018?format=json,,1999.0,1981.0,,,N,,18.0,,Y,N
1702,C001006,"Curtis, Carl T.",Republican,Nebraska,https://api.congress.gov/v3/member/C001006?format=json,,1979.0,1955.0,1939.0,1955.0,N,N,24.0,16.0,Y,Y
1703,C000877,"Cranston, Alan",Democratic,California,https://api.congress.gov/v3/member/C000877?format=json,,1993.0,1969.0,,,N,,24.0,,Y,N
1704,C000813,"Coverdell, Paul",Republican,Georgia,https://api.congress.gov/v3/member/C000813?format=json,,2000.0,1993.0,,,N,,7.0,,Y,N
1705,C000705,"Conrad, Kent",Democratic,North Dakota,https://api.congress.gov/v3/member/C000705?format=json,,2013.0,1987.0,,,N,,26.0,,Y,N
1714,C000567,"Cochran, Thad",Republican,Mississippi,https://api.congress.gov/v3/member/C000567?format=json,,2018.0,1979.0,1973.0,1979.0,N,N,39.0,6.0,Y,Y
1715,C000448,"Clark, Dick",Democratic,Iowa,https://api.congress.gov/v3/member/C000448?format=json,,1979.0,1973.0,,,N,,6.0,,Y,N
1716,C000388,"Church, Frank",Democratic,Idaho,https://api.congress.gov/v3/member/C000388?format=json,,1981.0,1957.0,,,N,,24.0,,Y,N
1717,C000356,"Chiles, Lawton",Democratic,Florida,https://api.congress.gov/v3/member/C000356?format=json,,1989.0,1971.0,,,N,,18.0,,Y,N
1718,C000269,"Chafee, John H.",Republican,Rhode Island,https://api.congress.gov/v3/member/C000269?format=json,,1999.0,1977.0,,,N,,22.0,,Y,N
1719,C000220,"Case, Clifford P.",Republican,New Jersey,https://api.congress.gov/v3/member/C000220?format=json,,1979.0,1955.0,1945.0,1955.0,N,N,24.0,10.0,Y,Y
1720,C000120,"Cannon, Howard W.",Democratic,Nevada,https://api.congress.gov/v3/member/C000120?format=json,,1983.0,1959.0,,,N,,24.0,,Y,N
1721,B001209,"Byrd, Harry F.,  Jr.",Independent,Virginia,https://api.congress.gov/v3/member/B001209?format=json,,1983.0,1965.0,,,N,,18.0,,Y,N
1722,B001210,"Byrd, Robert C.",Democratic,West Virginia,https://api.congress.gov/v3/member/B001210?format=json,,2010.0,1959.0,1953.0,1959.0,N,N,51.0,6.0,Y,Y
1723,B001126,"Burns, Conrad R.",Republican,Montana,https://api.congress.gov/v3/member/B001126?format=json,,2007.0,1989.0,,,N,,18.0,,Y,N
1724,B001077,"Burdick, Quentin N.",Democratic,North Dakota,https://api.congress.gov/v3/member/B001077?format=json,,1993.0,1959.0,,,N,,34.0,,Y,N
1725,B001076,"Burdick, Jocelyn",Democratic,North Dakota,https://api.congress.gov/v3/member/B001076?format=json,,1993.0,1991.0,,,N,,2.0,,Y,N
1726,B001057,"Bumpers, Dale",Democratic,Arkansas,https://api.congress.gov/v3/member/B001057?format=json,,1999.0,1975.0,,,N,,24.0,,Y,N
1727,B001026,"Buckley, James L.",Republican,New York,https://api.congress.gov/v3/member/B001026?format=json,,1977.0,1971.0,,,N,,6.0,,Y,N
1728,B000993,"Bryan, Richard H.",Democratic,Nevada,https://api.congress.gov/v3/member/B000993?format=json,,2001.0,1989.0,,,N,,12.0,,Y,N
1729,B000871,"Brooke, Edward W.",Republican,Massachusetts,https://api.congress.gov/v3/member/B000871?format=json,,1979.0,1967.0,,,N,,12.0,,Y,N
1730,B000851,"Brock, Bill",Republican,Tennessee,https://api.congress.gov/v3/member/B000851?format=json,,1977.0,1971.0,1963.0,1971.0,N,N,6.0,8.0,Y,Y
1731,B000756,"Brady, Nicholas",Republican,New Jersey,https://api.congress.gov/v3/member/B000756?format=json,,1983.0,1981.0,,,N,,2.0,,Y,N
1732,B001225,"Bradley, Bill",Democratic,New Jersey,https://api.congress.gov/v3/member/B001225?format=json,,1997.0,1979.0,,,N,,18.0,,Y,N
1733,B000647,"Boschwitz, Rudy",Republican,Minnesota,https://api.congress.gov/v3/member/B000647?format=json,,1991.0,1979.0,,,N,,12.0,,Y,N
1734,B000639,"Boren, David L.",Democratic,Oklahoma,https://api.congress.gov/v3/member/B000639?format=json,,1995.0,1979.0,,,N,,16.0,,Y,N
1735,B000611,"Bond, Christopher S.",Republican,Missouri,https://api.congress.gov/v3/member/B000611?format=json,,2011.0,1987.0,,,N,,24.0,,Y,N
1736,B000468,"Bingaman, Jeff",Democratic,New Mexico,https://api.congress.gov/v3/member/B000468?format=json,,2013.0,1983.0,,,N,,30.0,,Y,N
1737,B000444,"Biden, Joseph R., Jr.",Democratic,Delaware,https://api.congress.gov/v3/member/B000444?format=json,,2009.0,1973.0,,,N,,36.0,,Y,N
1738,B000436,"Bible, Alan",Democratic,Nevada,https://api.congress.gov/v3/member/B000436?format=json,,1975.0,1953.0,,,N,,22.0,,Y,N
1739,W000154,"Warner, John",Republican,Virginia,https://api.congress.gov/v3/member/W000154?format=json,,2009.0,1979.0,,,N,,30.0,,Y,N
1740,S001142,"Smith, Gordon H.",Republican,Oregon,https://api.congress.gov/v3/member/S001142?format=json,,2009.0,1997.0,,,N,,12.0,,Y,N
1741,L000035,"Lincoln, Blanche L.",Democratic,Arkansas,https://api.congress.gov/v3/member/L000035?format=json,,2011.0,1999.0,1993.0,1997.0,N,N,12.0,4.0,Y,Y
1742,L000550,"Landrieu, Mary L.",Democratic,Louisiana,https://api.congress.gov/v3/member/L000550?format=json,,2015.0,1997.0,,,N,,18.0,,Y,N
1828,P000590,"Pryor, Mark L.",Democratic,Arkansas,https://api.congress.gov/v3/member/P000590?format=json,,2015.0,2003.0,,,N,,12.0,,Y,N
1830,D000601,"Dole, Elizabeth",Republican,North Carolina,https://api.congress.gov/v3/member/D000601?format=json,,2009.0,2003.0,,,N,,6.0,,Y,N
1831,C001057,"Coleman, Norm",Republican,Minnesota,https://api.congress.gov/v3/member/C001057?format=json,,2009.0,2003.0,,,N,,6.0,,Y,N
1833,A000360,"Alexander, Lamar",Republican,Tennessee,https://api.congress.gov/v3/member/A000360?format=json,,2021.0,2003.0,,,N,,18.0,,Y,N
1835,B001237,"Barkley, Dean M.",Independent,Minnesota,https://api.congress.gov/v3/member/B001237?format=json,,2003.0,2002.0,,,N,,1.0,,Y,N
1843,C001043,"Carnahan, Jean",Democratic,Missouri,https://api.congress.gov/v3/member/C001043?format=json,,2002.0,2001.0,,,N,,1.0,,Y,N
1878,F000444,"Flake, Jeff",Republican,Arizona,https://api.congress.gov/v3/member/F000444?format=json,,2019.0,2013.0,2001.0,2013.0,N,N,6.0,12.0,Y,Y
1880,C001042,"Corzine, Jon S.",Democratic,New Jersey,https://api.congress.gov/v3/member/C001042?format=json,,2006.0,2001.0,,,N,,5.0,,Y,N
1881,N000180,"Nelson, Ben",Democratic,Nebraska,https://api.congress.gov/v3/member/N000180?format=json,,2013.0,2001.0,,,N,,12.0,,Y,N
1882,D000596,"Dayton, Mark",Democratic,Minnesota,https://api.congress.gov/v3/member/D000596?format=json,,2007.0,2001.0,,,N,,6.0,,Y,N
1884,M001141,"Miller, Zell",Democratic,Georgia,https://api.congress.gov/v3/member/M001141?format=json,,2005.0,2000.0,,,N,,5.0,,Y,N
1887,C001040,"Chafee, Lincoln",Republican,Rhode Island,https://api.congress.gov/v3/member/C001040?format=json,,2007.0,1999.0,,,N,,8.0,,Y,N
1895,C000858,"Craig, Larry E.",Republican,Idaho,https://api.congress.gov/v3/member/C000858?format=json,,2009.0,1991.0,1981.0,1991.0,N,N,18.0,10.0,Y,Y
1925,C000598,"Cohen, William S.",Republican,Maine,https://api.congress.gov/v3/member/C000598?format=json,,1997.0,1979.0,1973.0,1979.0,N,N,18.0,6.0,Y,Y
1927,C000560,"Coburn, Tom",Republican,Oklahoma,https://api.congress.gov/v3/member/C000560?format=json,,2015.0,2005.0,1995.0,2001.0,N,N,10.0,6.0,Y,Y
1930,C000542,"Coats, Daniel",Republican,Indiana,https://api.congress.gov/v3/member/C000542?format=json,,1999.0,1989.0,1981.0,1989.0,N,N,10.0,8.0,Y,Y
1951,C000286,"Chambliss, Saxby",Republican,Georgia,https://api.congress.gov/v3/member/C000286?format=json,,2015.0,2003.0,1995.0,2003.0,N,N,12.0,8.0,Y,Y
1967,C000077,"Campbell, Ben Nighthorse",Republican,Colorado,https://api.congress.gov/v3/member/C000077?format=json,,2005.0,1993.0,1987.0,1993.0,N,N,12.0,6.0,Y,Y
1988,B001066,"Bunning, Jim",Republican,Kentucky,https://api.congress.gov/v3/member/B001066?format=json,,2011.0,1999.0,1987.0,1999.0,N,N,12.0,12.0,Y,Y
1996,B000953,"Brownback, Sam",Republican,Kansas,https://api.congress.gov/v3/member/B000953?format=json,,2011.0,1996.0,1995.0,1996.0,N,N,15.0,1.0,Y,Y
1997,B000919,"Brown, Hank",Republican,Colorado,https://api.congress.gov/v3/member/B000919?format=json,,1997.0,1991.0,1981.0,1991.0,N,N,6.0,10.0,Y,Y
2021,B000243,"Baucus, Max",Democratic,Montana,https://api.congress.gov/v3/member/B000243?format=json,,2014.0,1979.0,1975.0,1979.0,N,N,35.0,4.0,Y,Y
2056,A000219,"Armstrong, William L.",Republican,Colorado,https://api.congress.gov/v3/member/A000219?format=json,,1991.0,1979.0,1973.0,1979.0,N,N,12.0,6.0,Y,Y
2066,A000208,"Andrews, Mark",Republican,North Dakota,https://api.congress.gov/v3/member/A000208?format=json,,1987.0,1981.0,1963.0,1981.0,N,N,6.0,18.0,Y,Y
2072,A000121,"Allen, George",Republican,Virginia,https://api.congress.gov/v3/member/A000121?format=json,,2007.0,2001.0,1991.0,1993.0,N,N,6.0,2.0,Y,Y
2074,A000109,"Allard, Wayne",Republican,Colorado,https://api.congress.gov/v3/member/A000109?format=json,,2009.0,1997.0,1991.0,1997.0,N,N,12.0,6.0,Y,Y
2078,A000069,"Akaka, Daniel K.",Democratic,Hawaii,https://api.congress.gov/v3/member/A000069?format=json,,2013.0,1990.0,1977.0,1991.0,N,N,23.0,14.0,Y,Y
2080,A000031,"Adams, Brock",Democratic,Washington,https://api.congress.gov/v3/member/A000031?format=json,,1993.0,1987.0,1965.0,1979.0,N,N,6.0,14.0,Y,Y
2084,A000009,"Abdnor, James",Republican,South Dakota,https://api.congress.gov/v3/member/A000009?format=json,,1987.0,1981.0,1973.0,1981.0,N,N,6.0,8.0,Y,Y
2120,E000194,"Ensign, John",Republican,Nevada,https://api.congress.gov/v3/member/E000194?format=json,,2011.0,2001.0,1995.0,1999.0,N,N,10.0,4.0,Y,Y
2158,D000432,"Dorgan, Byron L.",Democratic,North Dakota,https://api.congress.gov/v3/member/D000432?format=json,,2011.0,1991.0,1981.0,1993.0,N,N,20.0,12.0,Y,Y
2163,D000388,"Dodd, Christopher J.",Democratic,Connecticut,https://api.congress.gov/v3/member/D000388?format=json,,2011.0,1981.0,1975.0,1981.0,N,N,30.0,6.0,Y,Y
2206,C000979,"Culver, John C.",Democratic,Iowa,https://api.congress.gov/v3/member/C000979?format=json,,1981.0,1975.0,1965.0,1975.0,N,N,6.0,10.0,Y,Y
2260,K000352,"Kyl, Jon",Republican,Arizona,https://api.congress.gov/v3/member/K000352?format=json,,2013.0,1995.0,1987.0,1995.0,N,N,18.0,8.0,Y,Y
2294,K000019,"Kasten, Robert W., Jr.",Republican,Wisconsin,https://api.congress.gov/v3/member/K000019?format=json,,1993.0,1981.0,1975.0,1979.0,N,N,12.0,4.0,Y,Y
2309,J000177,"Johnson, Tim",Democratic,South Dakota,https://api.congress.gov/v3/member/J000177?format=json,,2015.0,1997.0,1987.0,1997.0,N,N,18.0,10.0,Y,Y
2318,J000072,"Jeffords, James M.",Independent,Vermont,https://api.congress.gov/v3/member/J000072?format=json,,2007.0,1989.0,1975.0,1989.0,N,N,18.0,14.0,Y,Y
2332,H001015,"Hutchinson, Tim",Republican,Arkansas,https://api.congress.gov/v3/member/H001015?format=json,,2003.0,1997.0,1993.0,1997.0,N,N,6.0,4.0,Y,Y
2380,H000456,"Heinz, John",Republican,Pennsylvania,https://api.congress.gov/v3/member/H000456?format=json,,1993.0,1977.0,1971.0,1977.0,N,N,16.0,6.0,Y,Y
2405,H000206,"Harkin, Tom",Democratic,Iowa,https://api.congress.gov/v3/member/H000206?format=json,,2015.0,1985.0,1975.0,1985.0,N,N,30.0,10.0,Y,Y
2440,G000445,"Gregg, Judd",Republican,New Hampshire,https://api.congress.gov/v3/member/G000445?format=json,,2011.0,1993.0,1981.0,1989.0,N,N,18.0,8.0,Y,Y
2451,G000367,"Grams, Rod",Republican,Minnesota,https://api.congress.gov/v3/member/G000367?format=json,,2001.0,1995.0,1993.0,1995.0,N,N,6.0,2.0,Y,Y
2452,G000365,"Gramm, Phil",Republican,Texas,https://api.congress.gov/v3/member/G000365?format=json,,2002.0,1985.0,1979.0,1985.0,N,N,17.0,6.0,Y,Y
2455,G000321,"Gore, Albert, Jr.",Democratic,Tennessee,https://api.congress.gov/v3/member/G000321?format=json,,1993.0,1985.0,1977.0,1985.0,N,N,8.0,8.0,Y,Y
2499,F000329,"Fowler, Wyche, Jr.",Democratic,Georgia,https://api.congress.gov/v3/member/F000329?format=json,,1993.0,1987.0,1977.0,1987.0,N,N,6.0,10.0,Y,Y
