,Unnamed: 0,Bio Guide ID,Name,Party,State,District Number,Senate End Year,Senate Start Year,House Start Year,House End Year,Current Senator,Current House Rep,Years in Senate,Years in House,Served in Senate,Served in House,Suffix,Nickname,Last,First_Actual,Middle,First Last,2013 Contributions,2014 Contributions,2015 Contributions,2016 Contributions,2017 Contributions,2018 Contributions,2019 Contributions,2020 Contributions,2021 Contributions,2022 Contributions,Total Contributions 2013-2022
0,0,B001305,"Budd, Ted",Republican,North Carolina,,,2023.0,2017.0,2023.0,Y,N,0.0,6.0,Y,Y,,,Budd,Ted,,Ted Budd,0.0,0.0,0.0,25759.5,71475.0,121167.26,122832.44,115319.0,85040.0,617763.9,1159357.1
1,1,W000817,"Warren, Elizabeth",Democratic,Massachusetts,,,2013.0,,,Y,,10.0,,Y,N,,,Warren,Elizabeth,,Elizabeth Warren,41000.0,59600.0,105158.81,120439.03,197290.24,91004.55,21483.61,15893.349999999999,10000.0,0.0,661869.59
2,2,W000802,"Whitehouse, Sheldon",Democratic,Rhode Island,,,2007.0,,,Y,,16.0,,Y,N,,,Whitehouse,Sheldon,,Sheldon Whitehouse,148056.65000000002,214710.77000000002,262836.85,228049.75,541347.47,688087.1000000001,126452.72,47500.0,115500.0,123350.0,2495891.31
3,3,Y000064,"Young, Todd",Republican,Indiana,,,2017.0,2011.0,2017.0,Y,N,6.0,6.0,Y,Y,,,Young,Todd,,Todd Young,233891.22,265122.15,543396.59,971535.0,242447.54,258472.05,574320.0,480184.0,1054659.29,1133276.54,5757304.38
4,4,W000800,"Welch, Peter",Democratic,Vermont,,,2023.0,2007.0,2023.0,Y,N,0.0,16.0,Y,Y,,,Welch,Peter,,Peter Welch,274750.0,228650.0,222600.0,211532.2,176490.63,184071.5,142045.18,165732.0,223171.83000000002,487716.58,2316759.92
5,5,W000779,"Wyden, Ron",Democratic,Oregon,,,1996.0,1981.0,1996.0,Y,N,27.0,15.0,Y,Y,,,Wyden,Ron,,Ron Wyden,915683.1,1666936.65,990786.4299999999,964013.7100000001,341394.14,293604.49,208637.72,426700.0,1114016.98,1031343.3699999999,7953116.589999999
6,6,W000437,"Wicker, Roger F.",Republican,Mississippi,,,2007.0,1995.0,2007.0,Y,N,16.0,12.0,Y,Y,,,Wicker,Roger,F.,Roger Wicker,141250.0,147603.34,328637.04000000004,239322.82,659331.1200000001,767177.46,479760.35,244134.0,413746.0,670867.44,4091829.5700000003
7,7,V000137,"Vance, J. D.",Republican,Ohio,,,2023.0,,,Y,,0.0,,Y,N,,,Vance,J.,D.,J. Vance,0.0,0.0,0.0,0.0,0.0,0.0,0.0,0.0,50400.0,308625.0,359025.0
8,8,W000790,"Warnock, Raphael G.",Democratic,Georgia,,,2021.0,,,Y,,2.0,,Y,N,,,Warnock,Raphael,G.,Raphael Warnock,0.0,0.0,0.0,0.0,0.0,0.0,0.0,512588.78,518799.51,1135866.2599999998,2167254.55
9,9,T000278,"Tuberville, Tommy",Republican,Alabama,,,2021.0,,,Y,,2.0,,Y,N,,,Tuberville,Tommy,,Tommy Tuberville,0.0,0.0,0.0,0.0,0.0,0.0,7000.0,258100.0,87550.0,65114.0,417764.0
10,10,T000476,"Tillis, Thomas",Republican,North Carolina,,,2015.0,,,Y,,8.0,,Y,N,,,Tillis,Thomas,,Thomas Tillis,0.0,14500.0,21500.0,4500.0,18000.0,11000.0,39500.0,38500.0,15500.0,22500.0,185500.0
11,11,W000805,"Warner, Mark R.",Democratic,Virginia,,,2009.0,,,Y,,14.0,,Y,N,,,Warner,Mark,R.,Mark Warner,1929140.1400000001,1323474.81,5310534.77,448091.33999999997,800380.47,405925.0,1073604.82,956180.0,422110.0,492239.0,13161680.35
12,12,T000250,"Thune, John",Republican,South Dakota,,,2005.0,1997.0,2003.0,Y,N,18.0,6.0,Y,Y,,,Thune,John,,John Thune,787395.36,796625.16,1392963.0,1455912.47,745564.99,997703.3200000001,714973.3200000001,667432.55,999525.94,1980563.4499999997,10538659.56
13,13,V000128,"Van Hollen, Chris",Democratic,Maryland,,,2017.0,2003.0,2017.0,Y,N,6.0,14.0,Y,Y,,,Van Hollen,Chris,,Chris Van Hollen,427989.39,299447.77,478087.53,776141.48,185334.91999999998,207721.76,117081.18,106950.0,528098.19,606818.02,3733670.2399999998
14,14,S001203,"Smith, Tina",Democratic,Minnesota,,,2018.0,,,Y,,5.0,,Y,N,,,Smith,Tina,,Tina Smith,0.0,0.0,0.0,0.0,1000.0,1028400.53,1123881.24,999452.64,283550.0,356400.0,3792684.41
15,15,S001198,"Sullivan, Dan",Republican,Alaska,,,2015.0,,,Y,,8.0,,Y,N,,,Sullivan,Dan,,Dan Sullivan,64800.0,271200.0,168750.0,114967.82,216569.53999999998,237830.0,713603.56,667384.0,193500.0,361464.0,3010068.92
16,16,S001191,"Sinema, Kyrsten",Independent,Arizona,,,2019.0,2013.0,2019.0,Y,N,4.0,6.0,Y,Y,,,Sinema,Kyrsten,,Kyrsten Sinema,308531.33999999997,543277.86,633410.74,952223.96,1387275.98,855666.05,927342.5,693550.0,1059950.0,1141120.0,8502348.43
17,17,T000464,"Tester, Jon",Democratic,Montana,,,2007.0,,,Y,,16.0,,Y,N,,,Tester,Jon,,Jon Tester,385944.95999999996,448311.23,917933.95,898445.96,1408041.31,2117175.0300000003,849732.74,503750.0,631760.7,906518.45,9067614.33
18,18,S001184,"Scott, Tim",Republican,South Carolina,,,2013.0,2011.0,2013.0,Y,N,10.0,2.0,Y,Y,,,Scott,Tim,,Tim Scott,1000301.6699999999,580945.0,992751.1799999999,1033412.9600000001,531947.24,480696.54000000004,628215.8999999999,514018.0,1589360.3399999999,1556440.48,8908089.31
19,19,S001181,"Shaheen, Jeanne",Democratic,New Hampshire,,,2009.0,,,Y,,14.0,,Y,N,,,Shaheen,Jeanne,,Jeanne Shaheen,844790.1,1090064.56,134200.0,267925.0,324470.28,304325.0,1233518.1800000002,871653.95,304750.0,324077.98,5699775.050000001
20,20,S000770,"Stabenow, Debbie",Democratic,Michigan,,,2001.0,1997.0,2001.0,Y,N,22.0,4.0,Y,Y,,,Stabenow,Debbie,,Debbie Stabenow,251535.13,511587.83999999997,553832.5,724613.74,1119007.0699999998,1006388.6,689721.63,343100.02,488045.95999999996,504506.5,6192338.989999999
21,21,S001227,"Schmitt, Eric",Republican,Missouri,,,2023.0,,,Y,,0.0,,Y,N,,,Schmitt,Eric,,Eric Schmitt,0.0,0.0,1000.0,0.0,0.0,0.0,0.0,0.0,2750.0,293600.0,297350.0
22,22,S001217,"Scott, Rick",Republican,Florida,,,2019.0,,,Y,,4.0,,Y,N,,,Scott,Rick,,Rick Scott,1000.0,3500.0,0.0,0.0,2637.04,570100.76,365682.88,283784.0,229563.8,194614.0,1650882.4800000002
23,23,S001194,"Schatz, Brian",Democratic,Hawaii,,,2012.0,,,Y,,11.0,,Y,N,,,Schatz,Brian,,Brian Schatz,258200.21,446297.0,534926.91,546737.07,297765.5,225071.5,292199.17,255754.2,419438.58999999997,596357.09,3872747.2399999998
24,24,R000595,"Rubio, Marco",Republican,Florida,,,2011.0,,,Y,,12.0,,Y,N,,,Rubio,Marco,,Marco Rubio,755420.6699999999,1165808.48,2774837.29,1902107.39,406285.63,386630.0,492429.32,396784.0,1047203.3399999999,1046304.0,10373810.12
25,25,S000148,"Schumer, Charles E.",Democratic,New York,,,1999.0,1981.0,1999.0,Y,N,24.0,18.0,Y,Y,,,Schumer,Charles,E.,Charles Schumer,439107.08,694789.96,1424433.0,911299.03,320102.12,324340.5,427145.18,560400.0,950466.0,317050.0,6369132.87
26,26,S000033,"Sanders, Bernard",Independent,Vermont,,,2007.0,1991.0,2007.0,Y,N,16.0,16.0,Y,Y,,,Sanders,Bernard,,Bernard Sanders,15399.630000000001,24556.46,4878.860000000001,0.0,7000.0,23370.9,0.0,7065.0,0.0,0.0,82270.85
27,27,R000618,"Ricketts, Pete",Republican,Nebraska,,,2023.0,,,Y,,0.0,,Y,N,,,Ricketts,Pete,,Pete Ricketts,2500.0,1500.0,3000.0,0.0,10000.0,15000.0,0.0,0.0,0.0,0.0,32000.0
28,28,R000615,"Romney, Mitt",Republican,Utah,,,2019.0,,,Y,,4.0,,Y,N,,,Romney,Mitt,,Mitt Romney,0.0,-1500.0,0.0,0.0,0.0,142900.0,405323.52,340535.0,274100.0,346064.0,1507422.52
29,29,R000608,"Rosen, Jacky",Democratic,Nevada,,,2019.0,2017.0,2019.0,Y,N,4.0,2.0,Y,Y,,,Rosen,Jacky,,Jacky Rosen,0.0,0.0,0.0,195862.32,231939.02000000002,516341.77999999997,554881.31,423300.0,501515.0,704836.73,3128676.16
30,30,R000605,"Rounds, Mike",Republican,South Dakota,,,2015.0,,,Y,,8.0,,Y,N,,,Rounds,Mike,,Mike Rounds,148950.0,418753.33999999997,139750.0,99283.37,250350.0,196289.4,593347.31,379184.0,163000.0,297714.0,2686621.42
31,31,P000595,"Peters, Gary C.",Democratic,Michigan,,,2015.0,2009.0,2015.0,Y,N,8.0,6.0,Y,Y,,,Peters,Gary,C.,Gary Peters,655536.6599999999,709663.73,282228.54000000004,265537.99,310172.93,858197.4,1365250.94,1641640.12,564282.4,567014.99,7219525.7
32,32,R000584,"Risch, James E.",Republican,Idaho,,,2009.0,,,Y,,14.0,,Y,N,,,Risch,James,E.,James Risch,88442.0,86585.0,9000.0,8467.2,15110.630000000001,35000.0,80073.32,122600.0,36000.0,36500.0,517778.15
33,33,R000122,"Reed, Jack",Democratic,Rhode Island,,,1997.0,1991.0,1997.0,Y,N,26.0,6.0,Y,Y,,,Reed,Jack,,Jack Reed,640750.03,526912.66,182420.58000000002,746750.0,691129.14,208731.0,497985.18,436300.0,214926.0,230150.0,4376054.59
34,34,P000145,"Padilla, Alex",Democratic,California,,,2021.0,,,Y,,2.0,,Y,N,,,Padilla,Alex,,Alex Padilla,0.0,999.99,0.0,0.0,0.0,0.0,0.0,15500.0,977516.63,1092558.69,2086575.31
35,35,O000174,"Ossoff, Jon",Democratic,Georgia,,,2021.0,,,Y,,2.0,,Y,N,,,Ossoff,Jon,,Jon Ossoff,0.0,0.0,0.0,95.0,95008.63,250.0,500.0,318612.06999999995,3736.32,7500.0,425702.01999999996
36,36,M001190,"Mullin, Markwayne",Republican,Oklahoma,,,2023.0,2013.0,2023.0,Y,N,0.0,10.0,Y,Y,,,Mullin,Markwayne,,Markwayne Mullin,156790.87,225740.0,311447.85,379499.6,428030.77,431737.5,466023.32,463879.0,327953.87,963414.0,4154516.78
37,37,P000603,"Paul, Rand",Republican,Kentucky,,,2011.0,,,Y,,12.0,,Y,N,,,Paul,Rand,,Rand Paul,230750.0,179606.43000000002,241677.75,508560.0,37850.0,76330.0,88121.5,50584.0,138281.34,426978.1,1978739.12
38,38,M001169,"Murphy, Christopher",Democratic,Connecticut,,,2013.0,2007.0,2013.0,Y,N,10.0,6.0,Y,Y,,,Murphy,Christopher,,Christopher Murphy,73657.85,37500.0,76500.0,38023.5,157500.0,155128.96000000002,13831.18,-1500.0,4500.0,500.0,555641.4900000001
39,39,M001111,"Murray, Patty",Democratic,Washington,,,1993.0,,,Y,,30.0,,Y,N,,,Murray,Patty,,Patty Murray,538409.94,6368069.459999999,1893873.97,1400015.63,341039.57,394379.0,608240.1799999999,397502.6,837789.59,1762925.48,14542245.42
40,40,M001153,"Murkowski, Lisa",Republican,Alaska,,,2003.0,,,Y,,20.0,,Y,N,,,Murkowski,Lisa,,Lisa Murkowski,470670.35,362781.23,916601.58,1165749.5899999999,504632.89,460940.0,672616.75,341585.0,970116.56,1792163.2,7657857.150000001
41,41,M001198,"Marshall, Roger",Republican,Kansas,,,2021.0,2017.0,2021.0,Y,N,2.0,4.0,Y,Y,,,Marshall,Roger,,Roger Marshall,0.0,0.0,19500.0,208600.0,215436.11,187643.54,378930.19,721319.2,196450.0,247964.0,2175843.04
42,42,M001176,"Merkley, Jeff",Democratic,Oregon,,,2009.0,,,Y,,14.0,,Y,N,,,Merkley,Jeff,,Jeff Merkley,382581.7,512930.24,88378.86,143867.11,57247.72,80669.63,169103.19,138250.0,30300.0,44466.770000000004,1647795.2199999997
43,43,M000934,"Moran, Jerry",Republican,Kansas,,,2011.0,1997.0,2011.0,Y,N,12.0,14.0,Y,Y,,,Moran,Jerry,,Jerry Moran,569594.15,712790.75,871251.76,943772.71,241810.63,427549.15,769082.21,440512.0,862366.53,1434589.0,7273318.89
44,44,M000639,"Menendez, Robert",Democratic,New Jersey,,,2006.0,1993.0,2006.0,Y,N,17.0,13.0,Y,Y,,,Menendez,Robert,,Robert Menendez,229301.37,693026.9400000001,138911.91999999998,245875.0,396493.32,709732.76,269295.18,332500.0,352650.0,742681.94,4110468.43
45,45,M000133,"Markey, Edward J.",Democratic,Massachusetts,,,2013.0,1977.0,2013.0,Y,N,10.0,36.0,Y,Y,,,Markey,Edward,J.,Edward Markey,560065.61,299706.45999999996,52360.240000000005,112000.0,102010.63,69200.0,210245.18,91120.0,19050.0,28000.0,1543758.1199999999
46,46,M000355,"McConnell, Mitch",Republican,Kentucky,,,1985.0,,,Y,,38.0,,Y,N,,,McConnell,Mitch,,Mitch McConnell,2365733.77,2447509.16,1072856.56,940591.85,1789182.71,1787460.63,4060980.3600000003,2708752.1,1479833.0,2777563.0,21430463.14
47,47,K000393,"Kennedy, John",Republican,Louisiana,,,2017.0,,,Y,,6.0,,Y,N,,,Kennedy,John,,John Kennedy,0.0,0.0,0.0,461750.0,276651.52,183409.5,292510.5,168784.0,334733.32999999996,572253.46,2290092.31
48,48,K000383,"King, Angus S., ",Independent,Maine,,,2013.0,,,Y,,10.0,,Y,N,Jr.,,King,Angus,S.,Angus King,23000.0,26383.88,114750.36,61132.2,387841.63,402400.17,81547.32,64750.0,58973.95,73000.0,1293779.51
49,49,K000367,"Klobuchar, Amy",Democratic,Minnesota,,,2007.0,,,Y,,16.0,,Y,N,,,Klobuchar,Amy,,Amy Klobuchar,525312.36,597995.6,1413648.0,389502.11,846842.74,696659.11,93273.0,79660.82,81050.0,48325.0,4772268.74
50,50,L000577,"Lee, Mike",Republican,Utah,,,2011.0,,,Y,,12.0,,Y,N,,,Lee,Mike,,Mike Lee,196383.57,115400.0,350670.0,400156.42,118498.0,109339.82,142295.18,185673.0,477083.32999999996,778232.0,2873731.32
51,51,M001183,"Manchin, Joe, ",Democratic,West Virginia,,,2010.0,,,Y,,13.0,,Y,N,III,,Manchin,Joe,,Joe Manchin,236954.91,337456.88,292350.0,372767.2,952293.3200000001,779306.19,517870.64,536045.78,964567.5,645004.0,5634616.42
52,52,L000575,"Lankford, James",Republican,Oklahoma,,,2015.0,2011.0,2015.0,Y,N,8.0,4.0,Y,Y,,,Lankford,James,,James Lankford,170015.37,529668.63,258466.32,475167.0,132744.36,242061.95,272259.32,248334.0,591074.25,840517.4299999999,3760308.63
53,53,L000571,"Lummis, Cynthia M.",Republican,Wyoming,,,2021.0,2009.0,2017.0,Y,N,2.0,8.0,Y,Y,,,Lummis,Cynthia,M.,Cynthia Lummis,125736.94,128642.43,72000.0,57896.19,0.0,0.0,7500.0,360950.0,190750.0,393714.0,1337189.56
54,54,L000570,"Lujan, Ben Ray",Democratic,New Mexico,,,2021.0,2009.0,2021.0,Y,N,2.0,12.0,Y,Y,,,Lujan,Ben,Ray,Ben Lujan,142834.0,136259.28,210250.0,271500.0,159619.14,281821.56000000006,177750.0,140880.98,48250.0,23544.1,1592709.06
55,55,H000273,"Hickenlooper, John W.",Democratic,Colorado,,,2021.0,,,Y,,2.0,,Y,N,,,Hickenlooper,John,W.,John Hickenlooper,1000.0,4700.0,0.0,0.0,0.0,0.0,75403.0,363393.17,128606.39,180014.84,753117.3999999999
56,56,K000377,"Kelly, Mark",Democratic,Arizona,,,2020.0,,,Y,,3.0,,Y,N,,,Kelly,Mark,,Mark Kelly,500.0,0.0,0.0,0.0,0.0,0.0,60751.72,330667.12,237450.1,816326.36,1445695.2999999998
57,57,H001079,"Hyde-Smith, Cindy",Republican,Mississippi,,,2018.0,,,Y,,5.0,,Y,N,,,Hyde-Smith,Cindy,,Cindy Hyde-Smith,0.0,1000.0,0.0,0.0,1000.0,1033149.2,409466.66000000003,413077.0,29250.0,124764.0,2011706.8599999999
58,58,K000384,"Kaine, Tim",Democratic,Virginia,,,2013.0,,,Y,,10.0,,Y,N,,,Kaine,Tim,,Tim Kaine,261528.61,283790.99,370204.4,488835.5,976411.96,890515.0,281511.14,232340.0,339350.0,415450.0,4539937.6
59,59,J000293,"Johnson, Ron",Republican,Wisconsin,,,2011.0,,,Y,,12.0,,Y,N,,,Johnson,Ron,,Ron Johnson,62600.0,133301.1,510775.51,684867.84,185500.0,167335.87,115073.32,77084.0,49233.34,625299.0,2611069.98
60,60,H001061,"Hoeven, John",Republican,North Dakota,,,2011.0,,,Y,,12.0,,Y,N,,,Hoeven,John,,John Hoeven,131881.22999999998,115030.0,371250.0,583086.15,157047.32,190942.6,150432.52,110134.0,412286.67,767541.5,2989631.99
61,61,H001042,"Hirono, Mazie K.",Democratic,Hawaii,,,2013.0,2007.0,2013.0,Y,N,10.0,6.0,Y,Y,,,Hirono,Mazie,K.,Mazie Hirono,369416.01,109600.0,158994.4,128860.33,427936.27,615803.8,177384.0,190500.0,162650.0,191000.0,2532144.81
62,62,H000601,"Hagerty, Bill",Republican,Tennessee,,,2021.0,,,Y,,2.0,,Y,N,,,Hagerty,Bill,,Bill Hagerty,0.0,0.0,0.0,0.0,0.0,0.0,210200.0,452800.0,302250.0,551913.2,1517163.2
63,63,H001089,"Hawley, Josh",Republican,Missouri,,,2019.0,,,Y,,4.0,,Y,N,,,Hawley,Josh,,Josh Hawley,0.0,0.0,0.0,1000.0,17500.0,575395.0,163250.0,107234.0,12500.0,11414.0,888293.0
64,64,H001076,"Hassan, Margaret Wood",Democratic,New Hampshire,,,2017.0,,,Y,,6.0,,Y,N,,,Hassan,Margaret,Wood,Margaret Hassan,0.0,0.0,45000.0,64250.0,27250.0,21500.0,42000.0,73500.0,163000.0,572548.13,1009048.13
65,65,G000555,"Gillibrand, Kirsten E.",Democratic,New York,,,2009.0,2007.0,2009.0,Y,N,14.0,2.0,Y,Y,,,Gillibrand,Kirsten,E.,Kirsten Gillibrand,515680.99,272105.70999999996,202588.48,541200.0,337292.42000000004,125872.86,25347.699999999997,812.51,12105.0,41848.33,2074854.0000000002
66,66,H001046,"Heinrich, Martin",Democratic,New Mexico,,,2013.0,2009.0,2013.0,Y,N,10.0,4.0,Y,Y,,,Heinrich,Martin,,Martin Heinrich,307787.77,285058.88,422809.20999999996,574364.95,1274111.38,857650.91,372772.0,361567.0,420475.0,540960.0,5417557.1
67,67,G000386,"Grassley, Chuck",Republican,Iowa,,,1981.0,1975.0,1981.0,Y,N,42.0,6.0,Y,Y,,,Grassley,Chuck,,Chuck Grassley,135500.0,183889.54,536065.8,464523.2,130907.95000000001,160941.07,297423.32,208000.0,311438.03,706535.49,3135224.4000000004
68,68,G000359,"Graham, Lindsey",Republican,South Carolina,,,2003.0,1995.0,2003.0,Y,N,20.0,8.0,Y,Y,,,Graham,Lindsey,,Lindsey Graham,868177.96,1373209.36,334985.42,152364.02,474957.14,306205.25,854021.15,719179.37,123835.0,201114.0,5408048.670000001
69,69,F000479,"Fetterman, John",Democratic,Pennsylvania,,,2023.0,,,Y,,0.0,,Y,N,,,Fetterman,John,,John Fetterman,0.0,0.0,2400.0,2000.0,0.0,0.0,0.0,0.0,28978.0,337846.71,371224.71
70,70,E000295,"Ernst, Joni",Republican,Iowa,,,2015.0,,,Y,,8.0,,Y,N,,,Ernst,Joni,,Joni Ernst,36450.0,628630.0,119383.95,85806.79000000001,147374.95,199727.32,716623.3200000001,1029612.88,224150.0,420364.0,3608123.21
71,71,F000463,"Fischer, Deb",Republican,Nebraska,,,2013.0,,,Y,,10.0,,Y,N,,,Fischer,Deb,,Deb Fischer,160875.0,144902.13,267950.0,380474.58999999997,773443.22,679357.14,354135.15,232584.0,312650.01,370759.0,3677130.24
72,72,D000622,"Duckworth, Tammy",Democratic,Illinois,,,2017.0,2013.0,2017.0,Y,N,6.0,4.0,Y,Y,,,Duckworth,Tammy,,Tammy Duckworth,557514.57,351536.3,432299.99,627192.11,363215.39999999997,240270.5,369857.68,431017.22,648808.66,889933.0,4911645.43
73,73,F000062,"Feinstein, Dianne",Democratic,California,,,1992.0,,,Y,,31.0,,Y,N,,,Feinstein,Dianne,,Dianne Feinstein,408053.0,674089.52,545668.54,456799.34,819681.05,942263.2799999999,82045.18,125000.0,27000.0,40202.0,4120801.91
74,74,D000563,"Durbin, Richard J.",Democratic,Illinois,,,1997.0,1983.0,1997.0,Y,N,26.0,14.0,Y,Y,,,Durbin,Richard,J.,Richard Durbin,352522.41000000003,784767.22,141531.88,193210.5,101025.0,140700.4,301488.77,263050.0,100175.0,117000.0,2495471.1799999997
75,75,C001113,"Cortez Masto, Catherine",Democratic,Nevada,,,2017.0,,,Y,,6.0,,Y,N,,,Cortez Masto,Catherine,,Catherine Cortez Masto,0.0,0.0,132367.72999999998,317307.7,255187.86,245600.0,421545.18,410947.5,2116678.73,1474002.67,5373637.37
76,76,C001098,"Cruz, Ted",Republican,Texas,,,2013.0,,,Y,,10.0,,Y,N,,,Cruz,Ted,,Ted Cruz,205108.87,27675.0,45502.05,33685.0,278568.18000000005,825509.28,285323.32,180124.0,32950.0,122530.22,2036975.9200000002
77,77,C001096,"Cramer, Kevin",Republican,North Dakota,,,2019.0,2013.0,2019.0,Y,N,4.0,6.0,Y,Y,,,Cramer,Kevin,,Kevin Cramer,206261.16999999995,180292.98999999996,187327.66999999998,250673.69,282997.32,420038.71,167826.24,155584.0,181900.0,236070.12,2268971.9099999997
78,78,D000618,"Daines, Steve",Republican,Montana,,,2015.0,2013.0,2015.0,Y,N,8.0,2.0,Y,Y,,,Daines,Steve,,Steve Daines,400665.66000000003,696699.91,132631.56,139674.59,161306.86,287911.95,934190.62,1254779.0,248350.0,488164.0,4744374.15
79,79,C001095,"Cotton, Tom",Republican,Arkansas,,,2015.0,2013.0,2015.0,Y,N,8.0,2.0,Y,Y,,,Cotton,Tom,,Tom Cotton,263694.08999999997,451961.54000000004,312830.37,159482.0,203792.3,207030.0,381400.32,217982.0,147900.0,156664.0,2502736.62
80,80,C001056,"Cornyn, John",Republican,Texas,,,2002.0,,,Y,,21.0,,Y,N,,,Cornyn,John,,John Cornyn,2069972.25,1776832.23,844807.6799999999,909275.41,1206370.8199999998,1258399.21,1988443.57,1868769.92,696966.62,1006914.0,13626751.709999999
81,81,C000880,"Crapo, Mike",Republican,Idaho,,,1999.0,1993.0,1999.0,Y,N,24.0,6.0,Y,Y,,,Crapo,Mike,,Mike Crapo,527140.79,366205.22,662319.14,592083.52,467639.04000000004,392130.0,391624.18,458716.0,722626.6699999999,1245629.55,5826114.11
82,82,C001070,"Casey, Robert P., ",Democratic,Pennsylvania,,,2007.0,,,Y,,16.0,,Y,N,Jr.,,Casey,Robert,P.,Robert Casey,39000.0,52200.0,77250.0,60225.0,159713.8,118750.0,36905.18,51480.0,64280.0,63700.0,723503.98
83,83,C001088,"Coons, Christopher A.",Democratic,Delaware,,,2010.0,,,Y,,13.0,,Y,N,,,Coons,Christopher,A.,Christopher Coons,164048.24,241750.0,120500.0,117250.0,79540.63,123500.0,224050.0,241500.0,89050.0,111000.0,1512188.87
84,84,C001075,"Cassidy, Bill",Republican,Louisiana,,,2015.0,2009.0,2015.0,Y,N,8.0,6.0,Y,Y,,,Cassidy,Bill,,Bill Cassidy,235954.6,566471.61,126500.0,250833.09,419642.5,387071.95999999996,771125.73,617695.77,250075.78,530109.6499999999,4155480.69
85,85,C001035,"Collins, Susan M.",Republican,Maine,,,1997.0,,,Y,,26.0,,Y,N,,,Collins,Susan,M.,Susan Collins,804558.79,837112.2999999999,203303.0,223229.30999999997,364373.83,818891.3,1103888.37,1000204.25,233650.0,438764.0,6027975.15
86,86,C001047,"Capito, Shelley Moore",Republican,West Virginia,,,2015.0,2001.0,2015.0,Y,N,8.0,14.0,Y,Y,,,Capito,Shelley,Moore,Shelley Capito,167550.0,214500.0,35500.0,27382.2,49559.57,40000.0,113097.32,69250.0,28500.0,49500.0,794839.0900000001
87,87,C000174,"Carper, Thomas R.",Democratic,Delaware,,,2001.0,1983.0,1993.0,Y,N,22.0,10.0,Y,Y,,,Carper,Thomas,R.,Thomas Carper,113390.0,80360.0,74428.0,70461.0,181590.0,163144.5,83545.18,77573.0,83650.0,93900.0,1022041.6799999999
88,88,C000141,"Cardin, Benjamin L.",Democratic,Maryland,,,2007.0,1987.0,2007.0,Y,N,16.0,20.0,Y,Y,,,Cardin,Benjamin,L.,Benjamin Cardin,85234.63,65000.0,41181.880000000005,54918.12,138700.0,276151.5,26145.18,48500.0,3000.0,33000.0,771831.31
89,89,B001319,"Britt, Katie Boyd",Republican,Alabama,,,2023.0,,,Y,,0.0,,Y,N,,,Britt,Katie,Boyd,Katie Britt,0.0,0.0,0.0,0.0,0.0,0.0,0.0,0.0,249226.0,804377.1900000001,1053603.19
90,90,B001310,"Braun, Mike",Republican,Indiana,,,2019.0,,,Y,,4.0,,Y,N,,,Braun,Mike,,Mike Braun,0.0,300.0,0.0,0.0,0.0,489916.63,152750.0,144584.0,192741.95,225314.0,1205606.58
91,91,B001236,"Boozman, John",Republican,Arkansas,,,2011.0,2001.0,2011.0,Y,N,12.0,10.0,Y,Y,,,Boozman,John,,John Boozman,132334.63,153366.28999999998,549692.3300000001,728939.22,138888.7,233197.26,212923.32,356534.0,1948790.68,1389964.75,5844631.18
92,92,C000127,"Cantwell, Maria",Democratic,Washington,,,2001.0,1993.0,1995.0,Y,N,22.0,2.0,Y,Y,,,Cantwell,Maria,,Maria Cantwell,42334.630000000005,31314.46,42372.880000000005,101386.4,341739.61,730444.7,22545.18,19600.0,5500.0,106150.0,1443387.8599999999
93,93,B000944,"Brown, Sherrod",Democratic,Ohio,,,2007.0,1993.0,2007.0,Y,N,16.0,14.0,Y,Y,,,Brown,Sherrod,,Sherrod Brown,601140.09,752846.77,670361.16,655724.77,1260007.5899999999,1137288.03,437230.0,393252.5,451215.95999999996,526203.3200000001,6885270.19
94,94,B001288,"Booker, Cory A.",Democratic,New Jersey,,,2013.0,,,Y,,10.0,,Y,N,,,Booker,Cory,A.,Cory Booker,579361.6699999999,825688.82,702460.77,731633.73,312084.57,229529.9,105208.93000000001,235283.66999999998,103750.0,813440.73,4638442.789999999
95,95,B001277,"Blumenthal, Richard",Democratic,Connecticut,,,2011.0,,,Y,,12.0,,Y,N,,,Blumenthal,Richard,,Richard Blumenthal,286109.63,460852.5,877065.69,817338.55,216806.63,205676.0,370936.2,257750.0,559625.0,653022.89,4705183.09
96,96,B001261,"Barrasso, John",Republican,Wyoming,,,2007.0,,,Y,,16.0,,Y,N,,,Barrasso,John,,John Barrasso,393847.94,339431.43,382256.0,348235.0,1312509.3900000001,833177.27,449703.32,285084.0,446850.0,440164.0,5231258.35
97,97,B001267,"Bennet, Michael F.",Democratic,Colorado,,,2009.0,,,Y,,14.0,,Y,N,,,Bennet,Michael,F.,Michael Bennet,541110.65,1363863.2,1326396.41,1038920.71,175152.12,284675.0,47533.0,49250.0,129592.0,600105.28,5556598.37
98,98,B001230,"Baldwin, Tammy",Democratic,Wisconsin,,,2013.0,1999.0,2013.0,Y,N,10.0,14.0,Y,Y,,,Baldwin,Tammy,,Tammy Baldwin,171996.25,185115.0,178739.74,314625.24,634118.59,720130.79,192070.18,197635.0,241509.0,269850.0,3105789.79
99,99,B001243,"Blackburn, Marsha",Republican,Tennessee,,,2019.0,2003.0,2019.0,Y,N,4.0,16.0,Y,Y,,,Blackburn,Marsha,,Marsha Blackburn,664941.84,581210.36,392202.56,497244.7,690657.5800000001,1047556.48,337700.0,216634.0,349700.0,429708.33999999997,5207555.859999999
100,100,B000966,"Broyhill, James T.",Republican,North Carolina,,1987.0,1986.0,1963.0,1986.0,N,N,1.0,23.0,Y,Y,,,Broyhill,James,T.,James Broyhill,0.0,0.0,0.0,0.0,0.0,0.0,0.0,0.0,0.0,0.0,0.0
101,101,A000017,"Abourezk, James",Democratic,South Dakota,,1979.0,1973.0,1971.0,1973.0,N,N,6.0,2.0,Y,Y,,,Abourezk,James,,James Abourezk,0.0,0.0,0.0,0.0,0.0,0.0,0.0,0.0,0.0,0.0,0.0
102,102,D000566,"Durenberger, Dave",Republican,Minnesota,,1995.0,1977.0,,,N,,18.0,,Y,N,,,Durenberger,Dave,,Dave Durenberger,0.0,0.0,0.0,0.0,0.0,0.0,0.0,0.0,0.0,0.0,0.0
103,103,S001197,"Sasse, Ben",Republican,Nebraska,,2023.0,2015.0,,,N,,8.0,,Y,N,,,Sasse,Ben,,Ben Sasse,32340.0,436962.33999999997,290825.0,191385.0,260716.0,175127.32,493389.99,466635.0,229983.3,219364.0,2796727.9499999997
104,104,P000449,"Portman, Rob",Republican,Ohio,,2023.0,2011.0,1993.0,2007.0,N,N,12.0,14.0,Y,Y,,,Portman,Rob,,Rob Portman,957918.04,1149870.25,1703215.2,1581732.13,490288.74,524238.0,679055.28,532884.0,136959.91999999998,1464810.52,9220972.08
105,105,T000461,"Toomey, Patrick",Republican,Pennsylvania,,2023.0,2011.0,1999.0,2005.0,N,N,12.0,6.0,Y,Y,,,Toomey,Patrick,,Patrick Toomey,195900.0,97250.0,266850.0,151200.0,74100.0,78108.72,93245.18,51000.0,19500.0,82290.0,1109443.9
106,106,B000575,"Blunt, Roy",Republican,Missouri,,2023.0,2011.0,1997.0,2011.0,N,N,12.0,14.0,Y,Y,,,Blunt,Roy,,Roy Blunt,652460.2,704546.66,2247025.0,2462915.41,656338.26,739730.0,704693.3200000001,515314.0,181340.0,290063.85000000003,9154426.7
107,107,S000320,"Shelby, Richard C.",Republican,Alabama,,2023.0,1987.0,1979.0,1987.0,N,N,36.0,8.0,Y,Y,,,Shelby,Richard,C.,Richard Shelby,365697.0,366453.33999999997,2774830.59,596582.2,416052.76,316161.95,278800.0,169584.0,44000.0,20114.0,5348275.84
108,108,L000174,"Leahy, Patrick J.",Democratic,Vermont,,2023.0,1975.0,,,N,,48.0,,Y,N,,,Leahy,Patrick,J.,Patrick Leahy,329634.63,470700.25,628466.74,509125.69999999995,209536.64,253012.5,292108.02,227500.0,1398348.55,228414.46,4546847.49
109,109,C000802,"Cotton, Norris",Republican,New Hampshire,,1977.0,1953.0,1947.0,1953.0,N,N,24.0,6.0,Y,Y,,,Cotton,Norris,,Norris Cotton,0.0,0.0,0.0,0.0,0.0,0.0,0.0,0.0,0.0,0.0,0.0
110,110,C000721,"Cook, Marlow W.",Republican,Kentucky,,1975.0,1967.0,,,N,,8.0,,Y,N,,,Cook,Marlow,W.,Marlow Cook,0.0,0.0,0.0,0.0,0.0,0.0,0.0,0.0,0.0,0.0,0.0
111,111,B001135,"Burr, Richard",Republican,North Carolina,,2023.0,2005.0,1995.0,2005.0,N,N,18.0,10.0,Y,Y,,,Burr,Richard,,Richard Burr,606279.39,404606.45999999996,1661056.35,2066746.4100000001,262608.62,223080.0,168540.0,105734.0,160516.66,83739.0,5742906.890000001
112,112,I000024,"Inhofe, James M.",Republican,Oklahoma,,2023.0,1994.0,1987.0,1995.0,N,N,29.0,8.0,Y,Y,,,Inhofe,James,M.,James Inhofe,267728.6,230139.1,162558.31,94582.2,151344.14,143180.0,166350.0,145184.0,55500.0,23114.0,1439680.35
113,113,L000594,"Loeffler, Kelly",Republican,Georgia,,2021.0,2020.0,,,N,,1.0,,Y,N,,,Loeffler,Kelly,,Kelly Loeffler,0.0,0.0,0.0,0.0,0.0,0.0,61750.0,2447892.91,-500.0,0.0,2509142.91
114,114,H001075,"Harris, Kamala D.",Democratic,California,,2021.0,2017.0,,,N,,4.0,,Y,N,,,Harris,Kamala,D.,Kamala Harris,0.0,0.0,311500.0,344200.92,598043.9099999999,86631.87,38504.05,2842629.9,3941046.0,150000.0,8312556.649999999
115,115,J000300,"Jones, Doug",Democratic,Alabama,,2021.0,2018.0,,,N,,3.0,,Y,N,,,Jones,Doug,,Doug Jones,0.0,0.0,0.0,0.0,223997.5,715487.5,7562156.640000001,570858.8300000001,-4000.0,0.0,9068500.47
116,116,S001202,"Strange, Luther",Republican,Alabama,,2018.0,2017.0,,,N,,1.0,,Y,N,,,Strange,Luther,,Luther Strange,19000.0,1350.0,1000.0,0.0,1067110.38,0.0,0.0,0.0,0.0,0.0,1088460.38
117,117,P000612,"Perdue, David",Republican,Georgia,,2021.0,2015.0,,,N,,6.0,,Y,N,,,Perdue,David,,David Perdue,0.0,621900.0,159811.49,175017.2,349457.95,374880.0,906590.64,3115111.86,19300.0,0.0,5722069.14
118,118,M001197,"McSally, Martha",Republican,Arizona,,2020.0,2019.0,2015.0,2019.0,N,N,1.0,4.0,Y,Y,,,McSally,Martha,,Martha McSally,29500.0,228682.11,233250.0,326723.6,374996.95,564175.5,940898.1699999999,588012.0,0.0,500.0,3286738.33
119,119,W000818,"Walsh, John E.",Democratic,Montana,,2015.0,2014.0,,,N,,1.0,,Y,N,,,Walsh,John,E.,John Walsh,62000.0,428755.52,1800.0,0.0,0.0,0.0,4300.0,0.0,0.0,0.0,496855.52
120,120,C001100,"Chiesa, Jeff",Republican,New Jersey,,2013.0,2013.0,,,N,,0.0,,Y,N,,,Chiesa,Jeff,,Jeff Chiesa,0.0,0.0,0.0,0.0,0.0,0.0,0.0,0.0,0.0,0.0,0.0
121,121,C001099,"Cowan, William M.",Democratic,Massachusetts,,2013.0,2013.0,,,N,,0.0,,Y,N,,,Cowan,William,M.,William Cowan,0.0,0.0,0.0,0.0,0.0,0.0,0.0,0.0,0.0,0.0,0.0
122,122,H001069,"Heitkamp, Heidi",Democratic,North Dakota,,2019.0,2013.0,,,N,,6.0,,Y,N,,,Heitkamp,Heidi,,Heidi Heitkamp,650391.85,501805.89,614984.4199999999,671452.2,1934304.02,1382521.73,4500.0,-2250.0,0.0,0.0,5757710.109999999
123,123,K000360,"Kirk, Mark Steven",Republican,Illinois,,2017.0,2010.0,2001.0,2010.0,N,N,7.0,9.0,Y,Y,,,Kirk,Mark,Steven,Mark Kirk,305834.63,245280.02000000002,736734.4099999999,669300.6599999999,0.0,0.0,0.0,0.0,0.0,0.0,1957149.72
124,124,O000167,"Obama, Barack",Democratic,Illinois,,2008.0,2005.0,,,N,,3.0,,Y,N,,,Obama,Barack,,Barack Obama,7164664.79,40070.0,25128.0,1609167.3599999999,322238.5,9999999.0,0.0,5000000.0,1000600.0,500.0,25162367.65
125,125,C001071,"Corker, Bob",Republican,Tennessee,,2019.0,2007.0,,,N,,12.0,,Y,N,,,Corker,Bob,,Bob Corker,165100.0,185533.48,180529.4,5156735.0,286717.14,51261.95,0.0,0.0,0.0,0.0,6025876.97
126,126,W000803,"Webb, Jim",Democratic,Virginia,,2013.0,2007.0,,,N,,6.0,,Y,N,,,Webb,Jim,,Jim Webb,0.0,0.0,0.0,0.0,0.0,0.0,0.0,0.0,0.0,0.0,0.0
127,127,M001170,"McCaskill, Claire",Democratic,Missouri,,2019.0,2007.0,,,N,,12.0,,Y,N,,,McCaskill,Claire,,Claire McCaskill,231050.0,107500.0,214000.0,222005.7,1159850.63,801718.78,4000.0,0.0,0.0,0.0,2740125.11
128,128,T000254,"Thurmond, Strom",Republican,South Carolina,,2003.0,1953.0,,,N,,50.0,,Y,N,,,Thurmond,Strom,,Strom Thurmond,0.0,0.0,0.0,0.0,0.0,0.0,0.0,0.0,0.0,0.0,0.0
129,129,A000368,"Ayotte, Kelly",Republican,New Hampshire,,2017.0,2011.0,,,N,,6.0,,Y,N,,,Ayotte,Kelly,,Kelly Ayotte,662856.6000000001,558299.96,1483403.4100000001,1732167.21,-1000.0,4000.0,0.0,0.0,0.0,0.0,4439727.18
130,130,G000561,"Goodwin, Carte Patrick",Democratic,West Virginia,,2010.0,2010.0,,,N,,0.0,,Y,N,,,Goodwin,Carte,Patrick,Carte Goodwin,0.0,0.0,0.0,0.0,0.0,0.0,0.0,0.0,0.0,0.0,0.0
131,131,B001268,"Brown, Scott P.",Republican,Massachusetts,,2013.0,2010.0,,,N,,3.0,,Y,N,,,Brown,Scott,P.,Scott Brown,9384.630000000001,227260.59,1000.0,0.0,0.0,0.0,0.0,0.0,0.0,0.0,237645.22
132,132,L000572,"LeMieux, George S.",Republican,Florida,,2011.0,2009.0,,,N,,2.0,,Y,N,,,LeMieux,George,S.,George LeMieux,0.0,0.0,0.0,0.0,0.0,0.0,0.0,0.0,0.0,0.0,0.0
133,133,M001162,"Martinez, Mel",Republican,Florida,,2009.0,2005.0,,,N,,4.0,,Y,N,,,Martinez,Mel,,Mel Martinez,0.0,0.0,0.0,244.44,0.0,0.0,0.0,0.0,0.0,0.0,244.44
134,134,F000457,"Franken, Al",Democratic,Minnesota,,2018.0,2009.0,,,N,,9.0,,Y,N,,,Franken,Al,,Al Franken,450499.99,544028.2,132829.38,131525.09999999998,146063.14,500.0,0.0,0.0,5500.0,0.0,1410945.81
135,135,G000562,"Gardner, Cory",Republican,Colorado,,2021.0,2015.0,2011.0,2015.0,N,N,6.0,4.0,Y,Y,,,Gardner,Cory,,Cory Gardner,529190.0700000001,1594731.32,487174.4,570614.47,873764.02,1277417.05,2523998.79,1326515.0,0.0,0.0,9183405.120000001
136,136,K000374,"Kirk, Paul Grattan, ",Democratic,Massachusetts,,2010.0,2009.0,,,N,,1.0,,Y,N,Jr.,,Kirk,Paul,Grattan,Paul Kirk,0.0,0.0,500.0,0.0,0.0,0.0,0.0,0.0,0.0,0.0,500.0
137,137,S001163,"Salazar, Ken",Democratic,Colorado,,2009.0,2005.0,,,N,,4.0,,Y,N,,,Salazar,Ken,,Ken Salazar,85955.97,0.0,0.0,0.0,0.0,0.0,0.0,0.0,0.0,0.0,85955.97
138,138,C001041,"Clinton, Hillary Rodham",Democratic,New York,,2009.0,2001.0,,,N,,8.0,,Y,N,,,Clinton,Hillary,Rodham,Hillary Clinton,25770.16,51468.12,2993355.74,6565156.12,-2249.0,0.0,7500.0,1080.0,0.0,10000.0,9652081.14
139,139,H001041,"Heller, Dean",Republican,Nevada,,2019.0,2011.0,2007.0,2011.0,N,N,8.0,4.0,Y,Y,,,Heller,Dean,,Dean Heller,416180.0,431219.51,454713.33,548913.29,1505323.07,1169412.45,0.0,0.0,5000.0,2000.0,4532761.65
140,140,D000607,"Donnelly, Joe",Democratic,Indiana,,2019.0,2013.0,2007.0,2013.0,N,N,6.0,6.0,Y,Y,,,Donnelly,Joe,,Joe Donnelly,153711.75,144950.0,398677.3,329602.53,821494.12,661240.21,5000.0,0.0,0.0,0.0,2514675.91
141,141,K000373,"Kaufman, Edward E.",Democratic,Delaware,,2010.0,2009.0,,,N,,1.0,,Y,N,,,Kaufman,Edward,E.,Edward Kaufman,0.0,0.0,0.0,0.0,0.0,0.0,0.0,0.0,0.0,0.0,0.0
142,142,B001266,"Burris, Roland",Democratic,Illinois,,2010.0,2009.0,,,N,,1.0,,Y,N,,,Burris,Roland,,Roland Burris,0.0,0.0,0.0,0.0,0.0,0.0,0.0,0.0,0.0,0.0,0.0
143,143,H001049,"Hagan, Kay R.",Democratic,North Carolina,,2015.0,2009.0,,,N,,6.0,,Y,N,,,Hagan,Kay,R.,Kay Hagan,1290443.53,1122017.33,4200.0,1500.0,0.0,0.0,0.0,0.0,0.0,0.0,2418160.8600000003
144,144,J000291,"Johanns, Mike",Republican,Nebraska,,2015.0,2009.0,,,N,,6.0,,Y,N,,,Johanns,Mike,,Mike Johanns,12544.12,67364.0,0.0,0.0,0.0,0.0,0.0,0.0,0.0,0.0,79908.12
145,145,B001265,"Begich, Mark",Democratic,Alaska,,2015.0,2009.0,,,N,,6.0,,Y,N,,,Begich,Mark,,Mark Begich,1233393.6600000001,1380830.58,8000.0,5000.0,0.0,1250.0,0.0,0.0,0.0,0.0,2628474.24
146,146,K000333,"Krueger, Robert C.",Democratic,Texas,,1995.0,1993.0,1975.0,1979.0,N,N,2.0,4.0,Y,Y,,,Krueger,Robert,C.,Robert Krueger,0.0,0.0,0.0,0.0,0.0,0.0,0.0,0.0,0.0,0.0,0.0
147,147,D000294,"DeWine, Mike",Republican,Ohio,,2007.0,1995.0,1983.0,1991.0,N,N,12.0,8.0,Y,Y,,,DeWine,Mike,,Mike DeWine,500.0,17250.0,1250.0,1600.0,1500.0,33000.0,15250.0,5000.0,1500.0,16500.0,93350.0
148,148,D000064,"Daschle, Thomas A.",Democratic,South Dakota,,2005.0,1987.0,1979.0,1987.0,N,N,18.0,8.0,Y,Y,,,Daschle,Thomas,A.,Thomas Daschle,0.0,0.0,0.0,0.0,0.0,0.0,0.0,0.0,0.0,0.0,0.0
149,149,R000146,"Reid, Harry",Democratic,Nevada,,2017.0,1987.0,1983.0,1987.0,N,N,30.0,4.0,Y,Y,,,Reid,Harry,,Harry Reid,1016383.87,677241.12,602748.54,317905.7,17500.0,0.0,0.0,0.0,0.0,0.0,2631779.2300000004
150,150,Q000007,"Quayle, Dan",Republican,Indiana,,1991.0,1981.0,1977.0,1981.0,N,N,10.0,4.0,Y,Y,,,Quayle,Dan,,Dan Quayle,0.0,0.0,0.0,0.0,0.0,0.0,0.0,0.0,0.0,0.0,0.0
151,151,P000513,"Pressler, Larry",Republican,South Dakota,,1997.0,1979.0,1975.0,1979.0,N,N,18.0,4.0,Y,Y,,,Pressler,Larry,,Larry Pressler,0.0,1000.0,0.0,0.0,0.0,0.0,0.0,0.0,0.0,0.0,1000.0
152,152,P000218,"Pepper, Claude",Democratic,Florida,18.0,1951.0,1935.0,1963.0,1991.0,N,N,16.0,28.0,Y,Y,,,Pepper,Claude,,Claude Pepper,0.0,0.0,0.0,0.0,0.0,0.0,0.0,0.0,0.0,0.0,0.0
153,153,I000055,"Isakson, Johnny",Republican,Georgia,,2019.0,2005.0,1999.0,2005.0,N,N,14.0,6.0,Y,Y,,,Isakson,Johnny,,Johnny Isakson,529945.23,575366.3,1596848.26,985537.2,532739.85,520392.61,717252.47,-2500.0,0.0,0.0,5455581.92
154,154,D000595,"DeMint, Jim",Republican,South Carolina,,2013.0,2005.0,1999.0,2005.0,N,N,8.0,6.0,Y,Y,,,DeMint,Jim,,Jim DeMint,9234.630000000001,0.0,0.0,0.0,0.0,0.0,0.0,0.0,0.0,0.0,9234.630000000001
155,155,U000038,"Udall, Mark",Democratic,Colorado,,2015.0,2009.0,1999.0,2009.0,N,N,6.0,10.0,Y,Y,,,Udall,Mark,,Mark Udall,1180860.4,1390666.25,447.0,2000.0,0.0,0.0,0.0,0.0,0.0,0.0,2573973.65
156,156,V000126,"Voinovich, George V.",Republican,Ohio,,2011.0,1999.0,,,N,,12.0,,Y,N,,,Voinovich,George,V.,George Voinovich,0.0,0.0,0.0,0.0,0.0,0.0,0.0,0.0,0.0,0.0,0.0
157,157,E000286,"Edwards, John",Democratic,North Carolina,,2005.0,1999.0,,,N,,6.0,,Y,N,,,Edwards,John,,John Edwards,0.0,0.0,0.0,0.0,0.0,0.0,2500.0,0.0,0.0,0.0,2500.0
158,158,B001233,"Bayh, Evan",Democratic,Indiana,,2011.0,1999.0,,,N,,12.0,,Y,N,,,Bayh,Evan,,Evan Bayh,0.0,0.0,0.0,493730.5,0.0,0.0,0.0,0.0,0.0,0.0,493730.5
159,159,F000442,"Fitzgerald, Peter",Republican,Illinois,,2005.0,1999.0,,,N,,6.0,,Y,N,,,Fitzgerald,Peter,,Peter Fitzgerald,0.0,0.0,0.0,0.0,0.0,0.0,0.0,0.0,0.0,0.0,0.0
160,160,V000127,"Vitter, David",Republican,Louisiana,,2017.0,2005.0,1999.0,2005.0,N,N,12.0,6.0,Y,Y,,,Vitter,David,,David Vitter,397142.1,205540.69,218313.4,9997.5,0.0,0.0,0.0,0.0,0.0,0.0,830993.6900000001
161,161,U000039,"Udall, Tom",Democratic,New Mexico,,2021.0,2009.0,1999.0,2009.0,N,N,12.0,10.0,Y,Y,,,Udall,Tom,,Tom Udall,871682.23,585970.69,172517.62,123747.16,101590.69,106467.4,141896.46,14898.71,0.0,0.0,2118770.96
162,162,S001141,"Sessions, Jeff",Republican,Alabama,,2017.0,1997.0,,,N,,20.0,,Y,N,,,Sessions,Jeff,,Jeff Sessions,371936.11,403558.4,61500.0,88967.2,0.0,0.0,81700.0,91900.0,0.0,500.0,1100061.71
163,163,H001028,"Hagel, Chuck",Republican,Nebraska,,2009.0,1997.0,,,N,,12.0,,Y,N,,,Hagel,Chuck,,Chuck Hagel,25000.0,80000.0,0.0,0.0,0.0,0.0,0.0,0.0,0.0,0.0,105000.0
164,164,E000285,"Enzi, Michael B.",Republican,Wyoming,,2021.0,1997.0,,,N,,24.0,,Y,N,,,Enzi,Michael,B.,Michael Enzi,312000.0,169600.0,58500.0,67117.81999999999,86500.0,67580.0,43000.0,0.0,-5000.0,0.0,799297.82
165,165,C001034,"Cleland, Max",Democratic,Georgia,,2003.0,1997.0,,,N,,6.0,,Y,N,,,Cleland,Max,,Max Cleland,0.0,0.0,0.0,25000.0,0.0,0.0,0.0,0.0,0.0,0.0,25000.0
166,166,S001078,"Sununu, John E.",Republican,New Hampshire,,2009.0,2003.0,1997.0,2003.0,N,N,6.0,6.0,Y,Y,,,Sununu,John,E.,John Sununu,0.0,0.0,0.0,0.0,0.0,0.0,0.0,0.0,0.0,0.0,0.0
167,167,Z000013,"Zorinsky, Edward",Democratic,Nebraska,,1989.0,1977.0,,,N,,12.0,,Y,N,,,Zorinsky,Edward,,Edward Zorinsky,0.0,0.0,0.0,0.0,0.0,0.0,0.0,0.0,0.0,0.0,0.0
168,168,Y000047,"Young, Milton R.",Republican,North Dakota,,1981.0,1945.0,,,N,,36.0,,Y,N,,,Young,Milton,R.,Milton Young,0.0,0.0,0.0,0.0,0.0,0.0,0.0,0.0,0.0,0.0,0.0
169,169,W000665,"Wofford, Harris",Democratic,Pennsylvania,,1995.0,1991.0,,,N,,4.0,,Y,N,,,Wofford,Harris,,Harris Wofford,0.0,0.0,0.0,0.0,0.0,0.0,0.0,0.0,0.0,0.0,0.0
170,170,W000607,"Wilson, Pete",Republican,California,,1993.0,1983.0,,,N,,10.0,,Y,N,,,Wilson,Pete,,Pete Wilson,0.0,0.0,0.0,0.0,0.0,0.0,0.0,0.0,0.0,0.0,0.0
171,171,W000502,"Williams, Harrison A., ",Democratic,New Jersey,,1982.0,1959.0,1953.0,1957.0,N,N,23.0,4.0,Y,Y,Jr.,,Williams,Harrison,A.,Harrison Williams,0.0,0.0,0.0,0.0,0.0,0.0,0.0,0.0,0.0,0.0,0.0
172,172,W000288,"Wellstone, Paul D.",Democratic,Minnesota,,2002.0,1991.0,,,N,,11.0,,Y,N,,,Wellstone,Paul,D.,Paul Wellstone,0.0,0.0,0.0,0.0,0.0,0.0,0.0,0.0,0.0,0.0,0.0
173,173,W000253,"Weicker, Lowell P., ",Republican,Connecticut,,1989.0,1973.0,1969.0,1971.0,N,N,16.0,2.0,Y,Y,Jr.,,Weicker,Lowell,P.,Lowell Weicker,0.0,0.0,0.0,0.0,0.0,0.0,0.0,0.0,0.0,0.0,0.0
174,174,W000092,"Wallop, Malcolm",Republican,Wyoming,,1995.0,1977.0,,,N,,18.0,,Y,N,,,Wallop,Malcolm,,Malcolm Wallop,0.0,0.0,0.0,0.0,0.0,0.0,0.0,0.0,0.0,0.0,0.0
175,175,T000410,"Tunney, John V.",Democratic,California,,1977.0,1973.0,1965.0,1973.0,N,N,4.0,8.0,Y,Y,,,Tunney,John,V.,John Tunney,0.0,0.0,0.0,0.0,0.0,0.0,0.0,0.0,0.0,0.0,0.0
176,176,T000322,"Tower, John G.",Republican,Texas,,1985.0,1961.0,,,N,,24.0,,Y,N,,,Tower,John,G.,John Tower,0.0,0.0,0.0,0.0,0.0,0.0,0.0,0.0,0.0,0.0,0.0
177,177,T000457,"Thompson, Fred",Republican,Tennessee,,2003.0,1994.0,,,N,,9.0,,Y,N,,,Thompson,Fred,,Fred Thompson,0.0,0.0,0.0,0.0,0.0,0.0,0.0,0.0,0.0,0.0,0.0
178,178,B000401,"Bentsen, Lloyd M.",Democratic,Texas,,1993.0,1971.0,1947.0,1955.0,N,N,22.0,8.0,Y,Y,,,Bentsen,Lloyd,M.,Lloyd Bentsen,0.0,0.0,0.0,0.0,0.0,0.0,0.0,0.0,0.0,0.0,0.0
179,179,B000384,"Bennett, Wallace F.",Republican,Utah,,1975.0,1951.0,,,N,,24.0,,Y,N,,,Bennett,Wallace,F.,Wallace Bennett,0.0,0.0,0.0,0.0,0.0,0.0,0.0,0.0,0.0,0.0,0.0
180,180,B000382,"Bennett, Robert F.",Republican,Utah,,2011.0,1993.0,,,N,,18.0,,Y,N,,,Bennett,Robert,F.,Robert Bennett,0.0,0.0,0.0,0.0,0.0,0.0,0.0,0.0,0.0,0.0,0.0
181,181,B000351,"Bellmon, Henry L.",Republican,Oklahoma,,1981.0,1969.0,,,N,,12.0,,Y,N,,,Bellmon,Henry,L.,Henry Bellmon,0.0,0.0,0.0,0.0,0.0,0.0,0.0,0.0,0.0,0.0,0.0
182,182,B000272,"Beall, J. Glenn, ",Republican,Maryland,,1977.0,1973.0,1969.0,1971.0,N,N,4.0,2.0,Y,Y,Jr.,,Beall,J.,Glenn,J. Beall,0.0,0.0,0.0,0.0,0.0,0.0,0.0,0.0,0.0,0.0,0.0
183,183,B000254,"Bayh, Birch",Democratic,Indiana,,1981.0,1963.0,,,N,,18.0,,Y,N,,,Bayh,Birch,,Birch Bayh,0.0,0.0,0.0,0.0,0.0,0.0,0.0,0.0,0.0,0.0,0.0
184,184,B000200,"Bartlett, Dewey F.",Republican,Oklahoma,,1979.0,1973.0,,,N,,6.0,,Y,N,,,Bartlett,Dewey,F.,Dewey Bartlett,500.0,0.0,0.0,0.0,0.0,0.0,0.0,0.0,0.0,0.0,500.0
185,185,B000063,"Baker, Howard H., ",Republican,Tennessee,,1985.0,1967.0,,,N,,18.0,,Y,N,Jr.,,Baker,Howard,H.,Howard Baker,0.0,0.0,0.0,0.0,0.0,0.0,0.0,0.0,0.0,0.0,0.0
186,186,A000356,"Ashcroft, John",Republican,Missouri,,2001.0,1995.0,,,N,,6.0,,Y,N,,,Ashcroft,John,,John Ashcroft,0.0,0.0,0.0,1000.0,0.0,0.0,0.0,0.0,0.0,0.0,1000.0
187,187,A000202,"Anderson, Wendell R.",Democratic,Minnesota,,1979.0,1977.0,,,N,,2.0,,Y,N,,,Anderson,Wendell,R.,Wendell Anderson,0.0,0.0,0.0,0.0,0.0,0.0,0.0,0.0,0.0,0.0,0.0
188,188,A000139,"Allen, Maryon",Democratic,Alabama,,1979.0,1977.0,,,N,,2.0,,Y,N,,,Allen,Maryon,,Maryon Allen,0.0,0.0,0.0,0.0,0.0,0.0,0.0,0.0,0.0,0.0,0.0
189,189,A000127,"Allen, James B.",Democratic,Alabama,,1979.0,1969.0,,,N,,10.0,,Y,N,,,Allen,James,B.,James Allen,0.0,0.0,0.0,0.0,0.0,0.0,0.0,0.0,0.0,500.0,500.0
190,190,A000062,"Aiken, George",Republican,Vermont,,1975.0,1941.0,,,N,,34.0,,Y,N,,,Aiken,George,,George Aiken,0.0,0.0,0.0,0.0,0.0,0.0,0.0,0.0,0.0,0.0,0.0
191,191,A000355,"Abraham, Spencer",Republican,Michigan,,2001.0,1995.0,,,N,,6.0,,Y,N,,,Abraham,Spencer,,Spencer Abraham,0.0,0.0,0.0,0.0,0.0,0.0,0.0,0.0,0.0,0.0,0.0
192,192,W000782,"Wyman, Louis C.",Republican,New Hampshire,,1975.0,1974.0,1963.0,1965.0,N,N,1.0,2.0,Y,Y,,,Wyman,Louis,C.,Louis Wyman,0.0,0.0,0.0,0.0,0.0,0.0,0.0,0.0,0.0,0.0,0.0
193,193,W000647,"Wirth, Timothy",Democratic,Colorado,,1993.0,1987.0,1975.0,1987.0,N,N,6.0,12.0,Y,Y,,,Wirth,Timothy,,Timothy Wirth,0.0,0.0,0.0,0.0,0.0,0.0,0.0,0.0,0.0,0.0,0.0
194,194,T000393,"Tsongas, Paul E.",Democratic,Massachusetts,,1985.0,1979.0,1975.0,1979.0,N,N,6.0,4.0,Y,Y,,,Tsongas,Paul,E.,Paul Tsongas,0.0,0.0,0.0,0.0,0.0,0.0,0.0,0.0,0.0,0.0,0.0
195,195,T000367,"Trible, Paul S., ",Republican,Virginia,,1989.0,1983.0,1977.0,1983.0,N,N,6.0,6.0,Y,Y,Jr.,,Trible,Paul,S.,Paul Trible,0.0,0.0,0.0,0.0,0.0,0.0,0.0,0.0,0.0,0.0,0.0
196,196,T000317,"Torricelli, Robert G.",Democratic,New Jersey,,2003.0,1997.0,1983.0,1997.0,N,N,6.0,14.0,Y,Y,,,Torricelli,Robert,G.,Robert Torricelli,0.0,0.0,0.0,0.0,0.0,0.0,0.0,0.0,0.0,0.0,0.0
197,197,T000162,"Thomas, Craig",Republican,Wyoming,,2007.0,1995.0,1989.0,1995.0,N,N,12.0,6.0,Y,Y,,,Thomas,Craig,,Craig Thomas,0.0,0.0,0.0,0.0,0.0,0.0,0.0,0.0,0.0,0.0,0.0
198,198,T000024,"Talent, Jim",Republican,Missouri,,2007.0,2002.0,1993.0,2001.0,N,N,5.0,8.0,Y,Y,,,Talent,Jim,,Jim Talent,0.0,0.0,0.0,0.0,0.0,0.0,0.0,0.0,0.0,0.0,0.0
199,199,S001138,"Symms, Steven D.",Republican,Idaho,,1993.0,1981.0,1973.0,1981.0,N,N,12.0,8.0,Y,Y,,,Symms,Steven,D.,Steven Symms,0.0,0.0,0.0,0.0,0.0,0.0,0.0,0.0,0.0,0.0,0.0
200,200,S000663,"Snowe, Olympia J.",Republican,Maine,,2013.0,1995.0,1979.0,1995.0,N,N,18.0,16.0,Y,Y,,,Snowe,Olympia,J.,Olympia Snowe,0.0,0.0,0.0,0.0,0.0,0.0,0.0,0.0,0.0,0.0,0.0
201,201,S000606,"Smith, Bob",Republican,New Hampshire,,2003.0,1991.0,1985.0,1991.0,N,N,12.0,6.0,Y,Y,,,Smith,Bob,,Bob Smith,1000.0,4100.0,0.0,0.0,0.0,0.0,0.0,0.0,0.0,0.0,5100.0
202,202,S000423,"Simon, Paul",Democratic,Illinois,,1997.0,1985.0,1975.0,1985.0,N,N,12.0,10.0,Y,Y,,,Simon,Paul,,Paul Simon,0.0,0.0,0.0,0.0,0.0,0.0,0.0,0.0,0.0,0.0,0.0
203,203,S000064,"Sarbanes, Paul S.",Democratic,Maryland,,2007.0,1977.0,1971.0,1977.0,N,N,30.0,6.0,Y,Y,,,Sarbanes,Paul,S.,Paul Sarbanes,0.0,0.0,0.0,0.0,0.0,0.0,0.0,2000.0,0.0,0.0,2000.0
204,204,S000059,"Santorum, Rick",Republican,Pennsylvania,,2007.0,1995.0,1991.0,1995.0,N,N,12.0,4.0,Y,Y,,,Santorum,Rick,,Rick Santorum,593.8900000000001,1000.0,21830.19,250.0,250.0,500.0,0.0,0.0,0.0,0.0,24424.079999999998
205,205,R000307,"Roberts, Pat",Republican,Kansas,,2021.0,1997.0,1981.0,1997.0,N,N,24.0,16.0,Y,Y,,,Roberts,Pat,,Pat Roberts,995892.6,6988655.7,329300.0,530058.55,510297.20999999996,412115.0,115402.94,49258.11,0.0,1500.0,9932480.109999998
206,206,R000249,"Riegle, Donald W., ",Democratic,Michigan,,1995.0,1977.0,1967.0,1977.0,N,N,18.0,10.0,Y,Y,Jr.,,Riegle,Donald,W.,Donald Riegle,0.0,0.0,0.0,0.0,0.0,0.0,0.0,0.0,0.0,0.0,0.0
207,207,B000780,"Breaux, John B.",Democratic,Louisiana,,2005.0,1987.0,1971.0,1987.0,N,N,18.0,16.0,Y,Y,,,Breaux,John,B.,John Breaux,0.0,0.0,0.0,0.0,0.0,0.0,0.0,0.0,0.0,0.0,0.0
208,208,B000711,"Boxer, Barbara",Democratic,California,,2017.0,1993.0,1983.0,1993.0,N,N,24.0,10.0,Y,Y,,,Boxer,Barbara,,Barbara Boxer,89577.13,61915.13,115536.01000000001,19566.199999999997,0.0,0.0,0.0,0.0,0.0,0.0,286594.47000000003
209,209,N000032,"Nelson, Bill",Democratic,Florida,,2019.0,2001.0,1979.0,1991.0,N,N,18.0,12.0,Y,Y,,,Nelson,Bill,,Bill Nelson,1222838.0,216950.0,387678.86,659752.2,1535073.57,1227007.1500000001,-10500.0,0.0,0.0,20428.0,5259227.78
210,210,M000702,"Mikulski, Barbara A.",Democratic,Maryland,,2017.0,1987.0,1977.0,1987.0,N,N,30.0,10.0,Y,Y,,,Mikulski,Barbara,A.,Barbara Mikulski,390043.0,363558.16000000003,234328.86,150027.5,1000.0,0.0,0.0,0.0,0.0,0.0,1138957.52
211,211,M000635,"Melcher, John",Democratic,Montana,,1989.0,1977.0,1969.0,1977.0,N,N,12.0,8.0,Y,Y,,,Melcher,John,,John Melcher,0.0,0.0,0.0,0.0,0.0,0.0,0.0,0.0,0.0,0.0,0.0
212,212,M000303,"McCain, John",Republican,Arizona,,2018.0,1987.0,1983.0,1987.0,N,N,31.0,4.0,Y,Y,,,McCain,John,,John McCain,904199.2,6136583.14,942109.0,717528.52,303391.0,138500.0,5000.0,0.0,0.0,25000.0,9172310.86
213,213,M000250,"Matsunaga, Spark M.",Democratic,Hawaii,,1991.0,1977.0,1963.0,1977.0,N,N,14.0,14.0,Y,Y,,,Matsunaga,Spark,M.,Spark Matsunaga,0.0,0.0,0.0,0.0,0.0,0.0,0.0,0.0,0.0,0.0,0.0
214,214,M000019,"Mack, Connie, ",Republican,Florida,,2001.0,1989.0,1983.0,1989.0,N,N,12.0,6.0,Y,Y,III,,Mack,Connie,,Connie Mack,500.0,0.0,0.0,0.0,0.0,0.0,0.0,0.0,0.0,0.0,500.0
215,215,L000447,"Lott, Trent",Republican,Mississippi,,2007.0,1989.0,1973.0,1989.0,N,N,18.0,16.0,Y,Y,,,Lott,Trent,,Trent Lott,0.0,0.0,0.0,0.0,0.0,0.0,0.0,0.0,0.0,0.0,0.0
216,216,T000035,"Talmadge, Herman E.",Democratic,Georgia,,1981.0,1957.0,,,N,,24.0,,Y,N,,,Talmadge,Herman,E.,Herman Talmadge,0.0,0.0,0.0,0.0,0.0,0.0,0.0,0.0,0.0,0.0,0.0
217,217,T000010,"Taft, Robert, ",Republican,Ohio,,1977.0,1971.0,1963.0,1965.0,N,N,6.0,2.0,Y,Y,Jr.,,Taft,Robert,,Robert Taft,0.0,0.0,0.0,0.0,0.0,0.0,0.0,0.0,0.0,0.0,0.0
218,218,S001136,"Symington, Stuart",Democratic,Missouri,,1977.0,1953.0,,,N,,24.0,,Y,N,,,Symington,Stuart,,Stuart Symington,0.0,0.0,0.0,0.0,2500.0,0.0,2500.0,0.0,0.0,402.27,5402.27
219,219,S000962,"Stone, Richard ",Democratic,Florida,,1981.0,1975.0,,,N,,6.0,,Y,N,,Dick,Stone,Richard,,Richard Stone,0.0,0.0,0.0,0.0,0.0,0.0,0.0,0.0,0.0,0.0,0.0
220,220,S000907,"Stewart, Donald",Democratic,Alabama,,1981.0,1977.0,,,N,,4.0,,Y,N,,,Stewart,Donald,,Donald Stewart,0.0,0.0,0.0,0.0,0.0,0.0,0.0,0.0,0.0,0.0,0.0
221,221,S000890,"Stevenson, Adlai E., ",Democratic,Illinois,,1981.0,1969.0,,,N,,12.0,,Y,N,III,,Stevenson,Adlai,E.,Adlai Stevenson,0.0,0.0,0.0,0.0,0.0,0.0,0.0,0.0,0.0,0.0,0.0
222,222,S000888,"Stevens, Ted",Republican,Alaska,,2009.0,1967.0,,,N,,42.0,,Y,N,,,Stevens,Ted,,Ted Stevens,0.0,0.0,13600.0,20000.0,0.0,0.0,0.0,0.0,0.0,0.0,33600.0
223,223,S000852,"Stennis, John C.",Democratic,Mississippi,,1989.0,1947.0,,,N,,42.0,,Y,N,,,Stennis,John,C.,John Stennis,0.0,0.0,0.0,0.0,0.0,0.0,0.0,0.0,0.0,0.0,0.0
224,224,S000776,"Stafford, Robert T.",Republican,Vermont,,1989.0,1971.0,1961.0,1971.0,N,N,18.0,10.0,Y,Y,,,Stafford,Robert,T.,Robert Stafford,0.0,0.0,0.0,0.0,0.0,0.0,0.0,0.0,0.0,0.0,0.0
225,225,S000709,"Specter, Arlen",Democratic,Pennsylvania,,2011.0,1981.0,,,N,,30.0,,Y,N,,,Specter,Arlen,,Arlen Specter,0.0,0.0,0.0,0.0,0.0,0.0,0.0,0.0,0.0,0.0,0.0
226,226,S000701,"Sparkman, John J.",Democratic,Alabama,,1979.0,1945.0,1937.0,1945.0,N,N,34.0,8.0,Y,Y,,,Sparkman,John,J.,John Sparkman,0.0,0.0,0.0,0.0,0.0,0.0,0.0,0.0,0.0,0.0,0.0
227,227,S000429,"Simpson, Alan K.",Republican,Wyoming,,1997.0,1979.0,,,N,,18.0,,Y,N,,,Simpson,Alan,K.,Alan Simpson,0.0,0.0,0.0,0.0,0.0,0.0,0.0,1000.0,0.0,500.0,1500.0
228,228,S000269,"Seymour, John",Republican,California,,1993.0,1991.0,,,N,,2.0,,Y,N,,,Seymour,John,,John Seymour,0.0,0.0,0.0,0.0,0.0,0.0,0.0,0.0,0.0,0.0,0.0
229,229,S000189,"Scott, William Lloyd",Republican,Virginia,,1979.0,1973.0,1967.0,1973.0,N,N,6.0,6.0,Y,Y,,,Scott,William,Lloyd,William Scott,0.0,0.0,0.0,0.0,0.0,0.0,0.0,0.0,0.0,0.0,0.0
230,230,S000174,"Scott, Hugh",Republican,Pennsylvania,,1977.0,1959.0,1941.0,1945.0,N,N,18.0,4.0,Y,Y,,,Scott,Hugh,,Hugh Scott,0.0,0.0,0.0,0.0,0.0,0.0,0.0,0.0,0.0,0.0,0.0
231,231,S000159,"Schweiker, Richard S.",Republican,Pennsylvania,,1981.0,1969.0,1961.0,1969.0,N,N,12.0,8.0,Y,Y,,,Schweiker,Richard,S.,Richard Schweiker,0.0,0.0,0.0,0.0,0.0,0.0,0.0,0.0,0.0,0.0,0.0
232,232,S000132,"Schmitt, Harrison H.",Republican,New Mexico,,1983.0,1977.0,,,N,,6.0,,Y,N,,,Schmitt,Harrison,H.,Harrison Schmitt,0.0,0.0,0.0,0.0,0.0,0.0,0.0,0.0,0.0,0.0,0.0
233,233,S000096,"Saxbe, William B.",Republican,Ohio,,1975.0,1969.0,,,N,,6.0,,Y,N,,,Saxbe,William,B.,William Saxbe,0.0,0.0,0.0,0.0,0.0,0.0,0.0,0.0,0.0,0.0,0.0
234,234,S000068,"Sasser, Jim",Democratic,Tennessee,,1995.0,1977.0,,,N,,18.0,,Y,N,,,Sasser,Jim,,Jim Sasser,0.0,0.0,0.0,0.0,0.0,0.0,0.0,0.0,0.0,0.0,0.0
235,235,S000055,"Sanford, Terry",Democratic,North Carolina,,1993.0,1985.0,,,N,,8.0,,Y,N,,,Sanford,Terry,,Terry Sanford,0.0,0.0,0.0,0.0,0.0,0.0,0.0,0.0,0.0,0.0,0.0
236,236,R000497,"Rudman, Warren",Republican,New Hampshire,,1993.0,1981.0,,,N,,12.0,,Y,N,,,Rudman,Warren,,Warren Rudman,0.0,0.0,0.0,0.0,0.0,0.0,0.0,0.0,0.0,0.0,0.0
237,237,R000460,"Roth , William V.",Republican,Delaware,,2001.0,1969.0,1967.0,1969.0,N,N,32.0,2.0,Y,Y,Jr.,,Roth ,William,V.,William Roth ,0.0,0.0,0.0,0.0,0.0,0.0,0.0,0.0,0.0,0.0,0.0
238,238,R000361,"Rockefeller, John D., ",Democratic,West Virginia,,2015.0,1985.0,,,N,,30.0,,Y,N,IV,,Rockefeller,John,D.,John Rockefeller,26364.63,0.0,0.0,0.0,0.0,0.0,0.0,0.0,0.0,0.0,26364.63
239,239,R000295,"Robb, Charles S.",Democratic,Virginia,,2001.0,1989.0,,,N,,12.0,,Y,N,,,Robb,Charles,S.,Charles Robb,0.0,0.0,0.0,0.0,0.0,0.0,0.0,0.0,0.0,0.0,0.0
240,240,R000191,"Ribicoff, Abraham A.",Democratic,Connecticut,,1981.0,1963.0,1949.0,1953.0,N,N,18.0,4.0,Y,Y,,,Ribicoff,Abraham,A.,Abraham Ribicoff,0.0,0.0,0.0,0.0,0.0,0.0,0.0,0.0,0.0,0.0,0.0
241,241,R000046,"Randolph, Jennings",Democratic,West Virginia,,1985.0,1957.0,1933.0,1947.0,N,N,28.0,14.0,Y,Y,,,Randolph,Jennings,,Jennings Randolph,0.0,0.0,0.0,0.0,0.0,0.0,0.0,0.0,0.0,0.0,0.0
242,242,P000556,"Pryor, David H.",Democratic,Arkansas,,1997.0,1979.0,1965.0,1973.0,N,N,18.0,8.0,Y,Y,,,Pryor,David,H.,David Pryor,200.0,500.0,0.0,0.0,0.0,0.0,0.0,0.0,0.0,0.0,700.0
243,243,P000553,"Proxmire, William",Democratic,Wisconsin,,1989.0,1957.0,,,N,,32.0,,Y,N,,,Proxmire,William,,William Proxmire,0.0,0.0,0.0,0.0,0.0,0.0,0.0,0.0,0.0,0.0,0.0
244,244,P000222,"Percy, Charles H.",Republican,Illinois,,1985.0,1967.0,,,N,,18.0,,Y,N,,,Percy,Charles,H.,Charles Percy,0.0,0.0,0.0,0.0,0.0,0.0,0.0,0.0,0.0,0.0,0.0
245,245,P000193,"Pell, Claiborne",Democratic,Rhode Island,,1997.0,1961.0,,,N,,36.0,,Y,N,,,Pell,Claiborne,,Claiborne Pell,0.0,250.0,0.0,0.0,0.0,0.0,0.0,0.0,0.0,0.0,250.0
246,246,P000166,"Pearson, James B.",Republican,Kansas,,1979.0,1961.0,,,N,,18.0,,Y,N,,,Pearson,James,B.,James Pearson,0.0,0.0,0.0,0.0,0.0,0.0,0.0,0.0,0.0,0.0,0.0
247,247,P000100,"Pastore, John O.",Democratic,Rhode Island,,1977.0,1949.0,,,N,,28.0,,Y,N,,,Pastore,John,O.,John Pastore,0.0,0.0,0.0,0.0,0.0,0.0,0.0,0.0,0.0,0.0,0.0
248,248,P000009,"Packwood, Bob",Republican,Oregon,,1997.0,1969.0,,,N,,28.0,,Y,N,,,Packwood,Bob,,Bob Packwood,0.0,0.0,0.0,0.0,0.0,0.0,0.0,0.0,0.0,0.0,0.0
249,249,N000171,"Nunn, Sam",Democratic,Georgia,,1997.0,1971.0,,,N,,26.0,,Y,N,,,Nunn,Sam,,Sam Nunn,0.0,0.0,0.0,0.0,0.0,0.0,0.0,0.0,0.0,0.0,0.0
250,250,N000102,"Nickles, Don",Republican,Oklahoma,,2005.0,1981.0,,,N,,24.0,,Y,N,,,Nickles,Don,,Don Nickles,0.0,0.0,0.0,0.0,0.0,0.0,0.0,0.0,0.0,0.0,0.0
251,251,N000033,"Nelson, Gaylord",Democratic,Wisconsin,,1981.0,1963.0,,,N,,18.0,,Y,N,,,Nelson,Gaylord,,Gaylord Nelson,0.0,0.0,0.0,0.0,0.0,0.0,0.0,0.0,0.0,0.0,0.0
252,252,M001121,"Muskie, Edmund S.",Democratic,Maine,,1981.0,1959.0,,,N,,22.0,,Y,N,,,Muskie,Edmund,S.,Edmund Muskie,0.0,0.0,0.0,0.0,0.0,0.0,0.0,0.0,0.0,0.0,0.0
253,253,M001085,"Murkowski, Frank H.",Republican,Alaska,,2002.0,1981.0,,,N,,21.0,,Y,N,,,Murkowski,Frank,H.,Frank Murkowski,0.0,0.0,0.0,0.0,0.0,0.0,0.0,0.0,0.0,0.0,0.0
254,254,M001054,"Moynihan, Daniel Patrick",Democratic,New York,,2001.0,1977.0,,,N,,24.0,,Y,N,,,Moynihan,Daniel,Patrick,Daniel Moynihan,0.0,0.0,0.0,0.0,0.0,0.0,0.0,0.0,0.0,0.0,0.0
255,255,M001033,"Moss, Frank E.",Democratic,Utah,,1977.0,1959.0,,,N,,18.0,,Y,N,,,Moss,Frank,E.,Frank Moss,0.0,0.0,0.0,0.0,0.0,0.0,0.0,0.0,0.0,0.0,0.0
256,256,M001025,"Moseley-Braun, Carol",Democratic,Illinois,,1999.0,1993.0,,,N,,6.0,,Y,N,,,Moseley-Braun,Carol,,Carol Moseley-Braun,0.0,0.0,0.0,0.0,0.0,0.0,0.0,0.0,0.0,0.0,0.0
257,257,M000956,"Morgan, Robert B.",Democratic,North Carolina,,1981.0,1975.0,,,N,,6.0,,Y,N,,,Morgan,Robert,B.,Robert Morgan,0.0,0.0,0.0,0.0,0.0,0.0,0.0,0.0,0.0,0.0,0.0
258,258,M000876,"Montoya, Joseph M.",Democratic,New Mexico,,1977.0,1963.0,1957.0,1963.0,N,N,14.0,6.0,Y,Y,,,Montoya,Joseph,M.,Joseph Montoya,0.0,0.0,0.0,0.0,0.0,0.0,0.0,0.0,0.0,0.0,0.0
259,259,M000851,"Mondale, Walter F.",Democratic,Minnesota,,1977.0,1963.0,,,N,,14.0,,Y,N,,,Mondale,Walter,F.,Walter Mondale,0.0,0.0,0.0,0.0,0.0,0.0,0.0,0.0,0.0,0.0,0.0
260,260,M000811,"Mitchell, George J.",Democratic,Maine,,1995.0,1979.0,,,N,,16.0,,Y,N,,,Mitchell,George,J.,George Mitchell,0.0,0.0,0.0,0.0,0.0,0.0,0.0,0.0,0.0,0.0,0.0
261,261,M000678,"Metzenbaum, Howard M.",Democratic,Ohio,,1975.0,1973.0,,,N,,2.0,,Y,N,,,Metzenbaum,Howard,M.,Howard Metzenbaum,0.0,0.0,0.0,0.0,0.0,0.0,0.0,0.0,0.0,0.0,0.0
262,262,M000671,"Metcalf, Lee",Democratic,Montana,,1979.0,1961.0,1953.0,1961.0,N,N,18.0,8.0,Y,Y,,,Metcalf,Lee,,Lee Metcalf,0.0,0.0,0.0,0.0,0.0,0.0,0.0,0.0,0.0,0.0,0.0
263,263,M000486,"McIntyre, Thomas J.",Democratic,New Hampshire,,1979.0,1961.0,,,N,,18.0,,Y,N,,,McIntyre,Thomas,J.,Thomas McIntyre,0.0,0.0,0.0,0.0,0.0,0.0,0.0,0.0,0.0,0.0,0.0
264,264,M000452,"McGovern, George",Democratic,South Dakota,,1981.0,1963.0,1957.0,1961.0,N,N,18.0,4.0,Y,Y,,,McGovern,George,,George McGovern,0.0,0.0,0.0,0.0,0.0,0.0,0.0,1000.0,0.0,0.0,1000.0
265,265,M000445,"McGee, Gale W.",Democratic,Wyoming,,1977.0,1959.0,,,N,,18.0,,Y,N,,,McGee,Gale,W.,Gale McGee,0.0,0.0,0.0,0.0,0.0,0.0,0.0,0.0,0.0,0.0,0.0
266,266,M000346,"McClure, James A.",Republican,Idaho,,1991.0,1973.0,1967.0,1973.0,N,N,18.0,6.0,Y,Y,,,McClure,James,A.,James McClure,0.0,0.0,0.0,0.0,0.0,0.0,0.0,0.0,0.0,0.0,0.0
267,267,M000332,"McClellan, John L.",Democratic,Arkansas,,1979.0,1973.0,1935.0,1939.0,N,N,6.0,4.0,Y,Y,,,McClellan,John,L.,John McClellan,0.0,0.0,0.0,0.0,0.0,0.0,0.0,0.0,0.0,0.0,0.0
268,268,M000257,"Mattingly, Mack",Republican,Georgia,,1987.0,1981.0,,,N,,6.0,,Y,N,,,Mattingly,Mack,,Mack Mattingly,0.0,0.0,0.0,0.0,0.0,0.0,0.0,0.0,0.0,0.0,0.0
269,269,M000241,"Mathias, Charles McC., ",Republican,Maryland,,1987.0,1973.0,1961.0,1969.0,N,N,14.0,8.0,Y,Y,Jr.,,Mathias,Charles,McC.,Charles Mathias,0.0,0.0,0.0,0.0,0.0,0.0,0.0,0.0,0.0,0.0,0.0
270,270,M000236,"Mathews, Harlan",Democratic,Tennessee,,1995.0,1993.0,,,N,,2.0,,Y,N,,,Mathews,Harlan,,Harlan Mathews,0.0,0.0,0.0,0.0,0.0,0.0,0.0,0.0,0.0,0.0,0.0
271,271,M000113,"Mansfield, Mike",Democratic,Montana,,1977.0,1953.0,1943.0,1953.0,N,N,24.0,10.0,Y,Y,,,Mansfield,Mike,,Mike Mansfield,0.0,0.0,0.0,0.0,0.0,0.0,0.0,0.0,0.0,0.0,0.0
272,272,M000053,"Magnuson, Warren G.",Democratic,Washington,,1981.0,1945.0,1937.0,1943.0,N,N,36.0,6.0,Y,Y,,,Magnuson,Warren,G.,Warren Magnuson,0.0,0.0,0.0,0.0,0.0,0.0,0.0,0.0,0.0,0.0,0.0
273,273,L000504,"Lugar, Richard G.",Republican,Indiana,,2013.0,1977.0,,,N,,36.0,,Y,N,,,Lugar,Richard,G.,Richard Lugar,5000.0,0.0,0.0,0.0,0.0,0.0,0.0,0.0,0.0,0.0,5000.0
274,274,L000428,"Long, Russell B.",Democratic,Louisiana,,1987.0,1947.0,,,N,,40.0,,Y,N,,,Long,Russell,B.,Russell Long,0.0,0.0,0.0,0.0,0.0,0.0,0.0,0.0,0.0,0.0,0.0
275,275,L000304,"Lieberman, Joseph I.",Independent Democrat,Connecticut,,2013.0,1989.0,,,N,,24.0,,Y,N,,,Lieberman,Joseph,I.,Joseph Lieberman,0.0,0.0,0.0,0.0,0.0,0.0,0.0,0.0,0.0,0.0,0.0
276,276,L000261,"Levin, Carl",Democratic,Michigan,,2015.0,1979.0,,,N,,36.0,,Y,N,,,Levin,Carl,,Carl Levin,65010.0,95500.0,0.0,0.0,0.0,0.0,0.0,0.0,0.0,0.0,160510.0
277,277,L000148,"Laxalt, Paul D.",Republican,Nevada,,1987.0,1973.0,,,N,,14.0,,Y,N,,,Laxalt,Paul,D.,Paul Laxalt,0.0,0.0,0.0,0.0,0.0,1000.0,0.0,0.0,0.0,9500.0,10500.0
278,278,L000123,"Lautenberg, Frank R.",Democratic,New Jersey,,2001.0,1983.0,,,N,,18.0,,Y,N,,,Lautenberg,Frank,R.,Frank Lautenberg,35299.630000000005,0.0,0.0,0.0,0.0,0.0,0.0,0.0,0.0,0.0,35299.630000000005
279,279,K000305,"Kohl, Herb",Democratic,Wisconsin,,2013.0,1989.0,,,N,,24.0,,Y,N,,,Kohl,Herb,,Herb Kohl,9234.630000000001,0.0,0.0,0.0,0.0,0.0,0.0,0.0,0.0,0.0,9234.630000000001
280,280,K000148,"Kerry, John F.",Democratic,Massachusetts,,2013.0,1985.0,,,N,,28.0,,Y,N,,,Kerry,John,F.,John Kerry,109034.63,159476.0,75298.0,5000.0,0.0,3500.0,0.0,0.0,0.0,0.0,352308.63
281,281,K000146,"Kerrey, J. Robert",Democratic,Nebraska,,2001.0,1989.0,,,N,,12.0,,Y,N,,,Kerrey,J.,Robert,J. Kerrey,0.0,0.0,0.0,0.0,0.0,0.0,0.0,0.0,0.0,0.0,0.0
282,282,K000105,"Kennedy, Edward M.",Democratic,Massachusetts,,2009.0,1961.0,,,N,,48.0,,Y,N,,,Kennedy,Edward,M.,Edward Kennedy,0.0,0.0,0.0,0.0,2500.0,0.0,0.0,0.0,0.0,0.0,2500.0
283,283,K000088,"Kempthorne, Dirk",Republican,Idaho,,1999.0,1993.0,,,N,,6.0,,Y,N,,,Kempthorne,Dirk,,Dirk Kempthorne,172772.78000000003,0.0,0.0,0.0,0.0,0.0,0.0,0.0,0.0,0.0,172772.78000000003
284,284,K000017,"Kassebaum, Nancy Landon",Republican,Kansas,,1997.0,1979.0,,,N,,18.0,,Y,N,,,Kassebaum,Nancy,Landon,Nancy Kassebaum,5000.0,0.0,0.0,0.0,0.0,0.0,0.0,0.0,0.0,0.0,5000.0
285,285,K000011,"Karnes, David K.",Republican,Nebraska,,1989.0,1987.0,,,N,,2.0,,Y,N,,,Karnes,David,K.,David Karnes,0.0,0.0,0.0,0.0,0.0,0.0,0.0,0.0,0.0,0.0,0.0
286,286,J000189,"Johnston, J. Bennett",Democratic,Louisiana,,1997.0,1971.0,,,N,,26.0,,Y,N,,,Johnston,J.,Bennett,J. Johnston,0.0,0.0,0.0,0.0,0.0,0.0,0.0,0.0,0.0,0.0,0.0
287,287,J000101,"Jepsen, Roger W.",Republican,Iowa,,1985.0,1979.0,,,N,,6.0,,Y,N,,,Jepsen,Roger,W.,Roger Jepsen,0.0,0.0,0.0,0.0,0.0,0.0,0.0,0.0,0.0,0.0,0.0
288,288,J000064,"Javits, Jacob K.",Republican,New York,,1981.0,1957.0,1947.0,1955.0,N,N,24.0,8.0,Y,Y,,,Javits,Jacob,K.,Jacob Javits,0.0,0.0,0.0,0.0,0.0,0.0,0.0,0.0,0.0,0.0,0.0
289,289,J000013,"Jackson, Henry M.",Democratic,Washington,,1985.0,1953.0,1941.0,1953.0,N,N,32.0,12.0,Y,Y,,,Jackson,Henry,M.,Henry Jackson,0.0,0.0,26519.0,0.0,0.0,0.0,1000.0,0.0,0.0,0.0,27519.0
290,290,I000025,"Inouye, Daniel K.",Democratic,Hawaii,,2012.0,1963.0,1959.0,1963.0,N,N,49.0,4.0,Y,Y,,,Inouye,Daniel,K.,Daniel Inouye,15000.0,0.0,0.0,0.0,0.0,0.0,0.0,0.0,0.0,0.0,15000.0
291,291,H001016,"Hutchison, Kay Bailey",Republican,Texas,,2013.0,1993.0,,,N,,20.0,,Y,N,,,Hutchison,Kay,Bailey,Kay Hutchison,0.0,0.0,0.0,0.0,0.0,0.0,0.0,0.0,0.0,0.0,0.0
292,292,H000956,"Humphrey, Muriel",Democratic,Minnesota,,1979.0,1977.0,,,N,,2.0,,Y,N,,,Humphrey,Muriel,,Muriel Humphrey,0.0,0.0,0.0,0.0,0.0,0.0,0.0,0.0,0.0,0.0,0.0
293,293,H000953,"Humphrey, Hubert H.",Democratic,Minnesota,,1965.0,1949.0,,,N,,16.0,,Y,N,,,Humphrey,Hubert,H.,Hubert Humphrey,0.0,0.0,0.0,0.0,0.0,0.0,0.0,0.0,0.0,0.0,0.0
294,294,H000951,"Humphrey, Gordon J.",Republican,New Hampshire,,1991.0,1979.0,,,N,,12.0,,Y,N,,,Humphrey,Gordon,J.,Gordon Humphrey,0.0,0.0,0.0,0.0,0.0,0.0,0.0,0.0,0.0,0.0,0.0
295,295,H000922,"Hughes, Harold E.",Democratic,Iowa,,1975.0,1969.0,,,N,,6.0,,Y,N,,,Hughes,Harold,E.,Harold Hughes,0.0,0.0,0.0,0.0,0.0,0.0,0.0,0.0,0.0,0.0,0.0
296,296,H000905,"Huddleston, Walter ",Democratic,Kentucky,,1985.0,1973.0,,,N,,12.0,,Y,N,,Dee,Huddleston,Walter,,Walter Huddleston,0.0,0.0,0.0,0.0,0.0,0.0,0.0,0.0,0.0,0.0,0.0
297,297,H000875,"Hruska, Roman L.",Republican,Nebraska,,1977.0,1953.0,,,N,,24.0,,Y,N,,,Hruska,Roman,L.,Roman Hruska,0.0,0.0,0.0,0.0,0.0,0.0,0.0,0.0,0.0,0.0,0.0
298,298,H000725,"Hollings, Ernest F.",Democratic,South Carolina,,2005.0,1965.0,,,N,,40.0,,Y,N,,,Hollings,Ernest,F.,Ernest Hollings,0.0,0.0,0.0,0.0,0.0,0.0,0.0,0.0,0.0,0.0,0.0
299,299,H000675,"Hodges, Kaneaster, ",Democratic,Arkansas,,1979.0,1977.0,,,N,,2.0,,Y,N,Jr.,,Hodges,Kaneaster,,Kaneaster Hodges,0.0,0.0,0.0,0.0,0.0,0.0,0.0,0.0,0.0,0.0,0.0
300,300,H000463,"Helms, Jesse",Republican,North Carolina,,2003.0,1973.0,,,N,,30.0,,Y,N,,,Helms,Jesse,,Jesse Helms,0.0,0.0,0.0,0.0,1100.0,0.0,0.0,0.0,0.0,0.0,1100.0
301,301,H000445,"Heflin, Howell",Democratic,Alabama,,1997.0,1979.0,,,N,,18.0,,Y,N,,,Heflin,Howell,,Howell Heflin,0.0,0.0,0.0,0.0,0.0,0.0,0.0,0.0,0.0,0.0,0.0
302,302,H000439,"Hecht, Chic",Republican,Nevada,,1989.0,1983.0,,,N,,6.0,,Y,N,,,Hecht,Chic,,Chic Hecht,0.0,0.0,0.0,0.0,0.0,0.0,0.0,0.0,0.0,0.0,0.0
303,303,H000384,"Hayakawa, Samuel Ichiye",Republican,California,,1983.0,1977.0,,,N,,6.0,,Y,N,,,Hayakawa,Samuel,Ichiye,Samuel Hayakawa,0.0,0.0,0.0,0.0,0.0,0.0,0.0,0.0,0.0,0.0,0.0
304,304,H000374,"Hawkins, Paula",Republican,Florida,,1987.0,1981.0,,,N,,6.0,,Y,N,,,Hawkins,Paula,,Paula Hawkins,0.0,0.0,0.0,0.0,0.0,0.0,0.0,0.0,0.0,0.0,0.0
305,305,H000346,"Hathaway, William D.",Democratic,Maine,,1979.0,1973.0,1965.0,1973.0,N,N,6.0,8.0,Y,Y,,,Hathaway,William,D.,William Hathaway,0.0,0.0,0.0,0.0,0.0,0.0,0.0,0.0,0.0,0.0,0.0
306,306,H000344,"Hatfield, Paul",Democratic,Montana,,1979.0,1977.0,,,N,,2.0,,Y,N,,,Hatfield,Paul,,Paul Hatfield,0.0,0.0,0.0,0.0,0.0,0.0,0.0,0.0,0.0,0.0,0.0
307,307,H000343,"Hatfield, Mark O.",Republican,Oregon,,1997.0,1967.0,,,N,,30.0,,Y,N,,,Hatfield,Mark,O.,Mark Hatfield,0.0,0.0,0.0,0.0,0.0,0.0,0.0,0.0,0.0,0.0,0.0
308,308,H000338,"Hatch, Orrin G.",Republican,Utah,,2019.0,1977.0,,,N,,42.0,,Y,N,,,Hatch,Orrin,G.,Orrin Hatch,709956.44,1187081.32,826364.64,875792.12,1709828.1400000001,543853.3200000001,20000.0,0.0,0.0,0.0,5872875.98
309,309,H000317,"Haskell, Floyd K.",Democratic,Colorado,,1979.0,1973.0,,,N,,6.0,,Y,N,,,Haskell,Floyd,K.,Floyd Haskell,0.0,0.0,0.0,0.0,0.0,0.0,0.0,0.0,0.0,0.0,0.0
310,310,H000297,"Hartke, Vance",Democratic,Indiana,,1977.0,1959.0,,,N,,18.0,,Y,N,,,Hartke,Vance,,Vance Hartke,0.0,0.0,0.0,0.0,0.0,0.0,0.0,0.0,0.0,0.0,0.0
311,311,H000291,"Hart, Philip A.",Democratic,Michigan,,1977.0,1959.0,,,N,,18.0,,Y,N,,,Hart,Philip,A.,Philip Hart,0.0,0.0,0.0,0.0,0.0,0.0,0.0,0.0,0.0,0.0,0.0
312,312,H000287,"Hart, Gary W.",Democratic,Colorado,,1987.0,1975.0,,,N,,12.0,,Y,N,,,Hart,Gary,W.,Gary Hart,0.0,0.0,0.0,0.0,0.0,0.0,0.0,0.0,0.0,0.0,0.0
313,313,H000170,"Hansen, Clifford P.",Republican,Wyoming,,1979.0,1967.0,,,N,,12.0,,Y,N,,,Hansen,Clifford,P.,Clifford Hansen,0.0,0.0,0.0,0.0,0.0,0.0,0.0,0.0,0.0,0.0,0.0
314,314,G000531,"Gurney, Edward J.",Republican,Florida,,1975.0,1973.0,1963.0,1969.0,N,N,2.0,6.0,Y,Y,,,Gurney,Edward,J.,Edward Gurney,0.0,0.0,0.0,0.0,0.0,0.0,0.0,0.0,0.0,0.0,0.0
315,315,G000465,"Griffin, Robert P.",Republican,Michigan,,1979.0,1973.0,1957.0,1965.0,N,N,6.0,8.0,Y,Y,,,Griffin,Robert,P.,Robert Griffin,0.0,0.0,0.0,0.0,0.0,0.0,0.0,0.0,0.0,0.0,0.0
316,316,G000388,"Gravel, Mike",Democratic,Alaska,,1981.0,1969.0,,,N,,12.0,,Y,N,,,Gravel,Mike,,Mike Gravel,0.0,0.0,0.0,0.0,0.0,0.0,5.0,0.0,0.0,0.0,5.0
317,317,G000352,"Graham, Bob",Democratic,Florida,,2005.0,1987.0,,,N,,18.0,,Y,N,,,Graham,Bob,,Bob Graham,0.0,0.0,0.0,0.0,0.0,1000.0,0.0,0.0,0.0,0.0,1000.0
318,318,G000333,"Gorton, Slade",Republican,Washington,,1987.0,1981.0,,,N,,6.0,,Y,N,,,Gorton,Slade,,Slade Gorton,0.0,0.0,0.0,0.0,0.0,0.0,0.0,0.0,0.0,0.0,0.0
319,319,G000267,"Goldwater, Barry",Republican,Arizona,,1965.0,1953.0,,,N,,12.0,,Y,N,,,Goldwater,Barry,,Barry Goldwater,0.0,0.0,0.0,0.0,0.0,0.0,0.0,0.0,0.0,0.0,0.0
320,320,G000236,"Glenn, John H., ",Democratic,Ohio,,1999.0,1975.0,,,N,,24.0,,Y,N,Jr.,,Glenn,John,H.,John Glenn,0.0,0.0,7217.6,13493.59,13274.4,18217.65,9521.0,256.35,0.0,20428.0,82408.59
321,321,G000072,"Garn, E. J. ",Republican,Utah,,1993.0,1975.0,,,N,,18.0,,Y,N,,Jake,Garn,E.,J.,E. Garn,0.0,0.0,0.0,0.0,0.0,0.0,1000.0,100.0,0.0,0.0,1100.0
322,322,F000401,"Fulbright, James",Democratic,Arkansas,,1947.0,1945.0,1943.0,1945.0,N,N,2.0,2.0,Y,Y,,,Fulbright,James,,James Fulbright,0.0,0.0,0.0,0.0,0.0,0.0,0.0,0.0,0.0,0.0,0.0
323,323,F000439,"Frist, William H.",Republican,Tennessee,,2007.0,1995.0,,,N,,12.0,,Y,N,,,Frist,William,H.,William Frist,0.0,0.0,0.0,0.0,0.0,0.0,0.0,0.0,0.0,0.0,0.0
324,324,F000438,"Frahm, Sheila",Republican,Kansas,,1997.0,1995.0,,,N,,2.0,,Y,N,,,Frahm,Sheila,,Sheila Frahm,0.0,0.0,0.0,0.0,0.0,0.0,0.0,0.0,0.0,0.0,0.0
325,325,F000268,"Ford, Wendell H.",Democratic,Kentucky,,1999.0,1975.0,,,N,,24.0,,Y,N,,,Ford,Wendell,H.,Wendell Ford,0.0,0.0,0.0,0.0,0.0,0.0,0.0,0.0,0.0,0.0,0.0
326,326,F000245,"Fong, Hiram L.",Republican,Hawaii,,1977.0,1959.0,,,N,,18.0,,Y,N,,,Fong,Hiram,L.,Hiram Fong,0.0,0.0,0.0,0.0,0.0,0.0,0.0,0.0,0.0,0.0,0.0
327,327,F000061,"Feingold, Russell D.",Democratic,Wisconsin,,2011.0,1993.0,,,N,,18.0,,Y,N,,,Feingold,Russell,D.,Russell Feingold,0.0,0.0,56000.0,64400.399999999994,0.0,0.0,0.0,0.0,0.0,0.0,120400.4
328,328,F000013,"Fannin, Paul J.",Republican,Arizona,,1977.0,1965.0,,,N,,12.0,,Y,N,,,Fannin,Paul,J.,Paul Fannin,0.0,0.0,0.0,0.0,0.0,0.0,0.0,0.0,0.0,0.0,0.0
329,329,F000437,"Faircloth, Lauch",Republican,North Carolina,,1999.0,1993.0,,,N,,6.0,,Y,N,,,Faircloth,Lauch,,Lauch Faircloth,0.0,0.0,0.0,0.0,0.0,0.0,0.0,0.0,0.0,0.0,0.0
330,330,E000284,"Exon, J. James",Democratic,Nebraska,,1997.0,1979.0,,,N,,18.0,,Y,N,,,Exon,J.,James,J. Exon,0.0,0.0,0.0,0.0,0.0,0.0,0.0,0.0,0.0,0.0,0.0
331,331,E000236,"Evans, Daniel J.",Republican,Washington,,1989.0,1983.0,,,N,,6.0,,Y,N,,,Evans,Daniel,J.,Daniel Evans,0.0,0.0,0.0,0.0,0.0,0.0,0.0,0.0,0.0,0.0,0.0
332,332,E000211,"Ervin, Sam J., ",Democratic,North Carolina,,1975.0,1973.0,1945.0,1947.0,N,N,2.0,2.0,Y,Y,Jr.,,Ervin,Sam,J.,Sam Ervin,0.0,0.0,0.0,0.0,0.0,0.0,0.0,0.0,0.0,0.0,0.0
333,333,E000018,"Eastland, James O.",Democratic,Mississippi,,1979.0,1941.0,,,N,,38.0,,Y,N,,,Eastland,James,O.,James Eastland,0.0,0.0,0.0,0.0,0.0,0.0,0.0,0.0,0.0,0.0,0.0
334,334,E000017,"East, John P.",Republican,North Carolina,,1987.0,1981.0,,,N,,6.0,,Y,N,,,East,John,P.,John East,0.0,0.0,0.0,0.0,0.0,0.0,0.0,0.0,0.0,0.0,0.0
335,335,E000004,"Eagleton, Thomas F.",Democratic,Missouri,,1987.0,1967.0,,,N,,20.0,,Y,N,,,Eagleton,Thomas,F.,Thomas Eagleton,0.0,0.0,0.0,0.0,0.0,0.0,0.0,0.0,0.0,0.0,0.0
336,336,D000574,"Durkin, John A.",Democratic,New Hampshire,,1981.0,1975.0,,,N,,6.0,,Y,N,,,Durkin,John,A.,John Durkin,0.0,0.0,0.0,0.0,0.0,0.0,0.0,0.0,0.0,0.0,0.0
337,337,D000409,"Dominick, Peter H.",Republican,Colorado,,1975.0,1973.0,1961.0,1963.0,N,N,2.0,2.0,Y,Y,,,Dominick,Peter,H.,Peter Dominick,0.0,0.0,0.0,0.0,0.0,0.0,0.0,0.0,0.0,0.0,0.0
338,338,D000407,"Domenici, Pete V.",Republican,New Mexico,,2009.0,1973.0,,,N,,36.0,,Y,N,,,Domenici,Pete,V.,Pete Domenici,0.0,0.0,-2000.0,0.0,0.0,0.0,0.0,0.0,0.0,0.0,-2000.0
339,339,D000401,"Dole, Robert J.",Republican,Kansas,,1997.0,1969.0,1961.0,1969.0,N,N,28.0,8.0,Y,Y,,,Dole,Robert,J.,Robert Dole,0.0,0.0,0.0,0.0,0.0,0.0,0.0,0.0,0.0,0.0,0.0
340,340,D000366,"Dixon, Alan J.",Democratic,Illinois,,1993.0,1981.0,,,N,,12.0,,Y,N,,,Dixon,Alan,J.,Alan Dixon,0.0,0.0,0.0,0.0,0.0,0.0,0.0,0.0,0.0,0.0,0.0
341,341,D000259,"Denton, Jeremiah",Republican,Alabama,,1987.0,1981.0,,,N,,6.0,,Y,N,,,Denton,Jeremiah,,Jeremiah Denton,0.0,0.0,0.0,0.0,0.0,0.0,0.0,0.0,0.0,0.0,0.0
342,342,D000185,"DeConcini, Dennis",Democratic,Arizona,,1995.0,1977.0,,,N,,18.0,,Y,N,,,DeConcini,Dennis,,Dennis DeConcini,0.0,0.0,0.0,0.0,0.0,0.0,0.0,0.0,0.0,0.0,0.0
343,343,D000030,"Danforth, John C.",Republican,Missouri,,1995.0,1977.0,,,N,,18.0,,Y,N,,,Danforth,John,C.,John Danforth,0.0,0.0,0.0,0.0,0.0,0.0,0.0,0.0,0.0,0.0,0.0
344,344,D000018,"D'Amato, Alfonse",Republican,New York,,1999.0,1981.0,,,N,,18.0,,Y,N,,,D'Amato,Alfonse,,Alfonse D'Amato,0.0,0.0,0.0,0.0,0.0,0.0,0.0,0.0,0.0,0.0,0.0
345,345,C001006,"Curtis, Carl T.",Republican,Nebraska,,1979.0,1955.0,1939.0,1955.0,N,N,24.0,16.0,Y,Y,,,Curtis,Carl,T.,Carl Curtis,0.0,0.0,0.0,0.0,0.0,0.0,0.0,0.0,0.0,0.0,0.0
346,346,C000877,"Cranston, Alan",Democratic,California,,1993.0,1969.0,,,N,,24.0,,Y,N,,,Cranston,Alan,,Alan Cranston,0.0,0.0,0.0,0.0,0.0,0.0,0.0,0.0,0.0,0.0,0.0
347,347,C000813,"Coverdell, Paul",Republican,Georgia,,2000.0,1993.0,,,N,,7.0,,Y,N,,,Coverdell,Paul,,Paul Coverdell,0.0,0.0,0.0,0.0,0.0,0.0,0.0,0.0,0.0,0.0,0.0
348,348,C000705,"Conrad, Kent",Democratic,North Dakota,,2013.0,1987.0,,,N,,26.0,,Y,N,,,Conrad,Kent,,Kent Conrad,0.0,0.0,0.0,0.0,0.0,0.0,0.0,0.0,0.0,0.0,0.0
349,349,C000567,"Cochran, Thad",Republican,Mississippi,,2018.0,1979.0,1973.0,1979.0,N,N,39.0,6.0,Y,Y,,,Cochran,Thad,,Thad Cochran,566316.9199999999,2321221.2299999995,377789.65,291462.0,153500.0,12359.11,0.0,0.0,0.0,0.0,3722648.909999999
350,350,C000448,"Clark, Dick",Democratic,Iowa,,1979.0,1973.0,,,N,,6.0,,Y,N,,,Clark,Dick,,Dick Clark,0.0,0.0,0.0,0.0,0.0,0.0,0.0,0.0,0.0,0.0,0.0
351,351,C000388,"Church, Frank",Democratic,Idaho,,1981.0,1957.0,,,N,,24.0,,Y,N,,,Church,Frank,,Frank Church,0.0,0.0,0.0,0.0,0.0,0.0,0.0,0.0,0.0,0.0,0.0
352,352,C000356,"Chiles, Lawton",Democratic,Florida,,1989.0,1971.0,,,N,,18.0,,Y,N,,,Chiles,Lawton,,Lawton Chiles,0.0,0.0,0.0,0.0,0.0,0.0,0.0,0.0,0.0,0.0,0.0
353,353,C000269,"Chafee, John H.",Republican,Rhode Island,,1999.0,1977.0,,,N,,22.0,,Y,N,,,Chafee,John,H.,John Chafee,0.0,0.0,0.0,0.0,0.0,0.0,0.0,0.0,0.0,0.0,0.0
354,354,C000220,"Case, Clifford P.",Republican,New Jersey,,1979.0,1955.0,1945.0,1955.0,N,N,24.0,10.0,Y,Y,,,Case,Clifford,P.,Clifford Case,0.0,0.0,0.0,0.0,0.0,0.0,0.0,0.0,0.0,0.0,0.0
355,355,C000120,"Cannon, Howard W.",Democratic,Nevada,,1983.0,1959.0,,,N,,24.0,,Y,N,,,Cannon,Howard,W.,Howard Cannon,0.0,0.0,0.0,0.0,0.0,0.0,0.0,0.0,0.0,0.0,0.0
356,356,B001209,"Byrd, Harry F.,  ",Independent,Virginia,,1983.0,1965.0,,,N,,18.0,,Y,N,Jr.,,Byrd,Harry,F.,Harry Byrd,0.0,0.0,0.0,0.0,0.0,0.0,0.0,0.0,0.0,0.0,0.0
357,357,B001210,"Byrd, Robert C.",Democratic,West Virginia,,2010.0,1959.0,1953.0,1959.0,N,N,51.0,6.0,Y,Y,,,Byrd,Robert,C.,Robert Byrd,0.0,0.0,0.0,0.0,0.0,0.0,0.0,0.0,0.0,0.0,0.0
358,358,B001126,"Burns, Conrad R.",Republican,Montana,,2007.0,1989.0,,,N,,18.0,,Y,N,,,Burns,Conrad,R.,Conrad Burns,0.0,0.0,0.0,0.0,0.0,0.0,0.0,0.0,0.0,0.0,0.0
359,359,B001077,"Burdick, Quentin N.",Democratic,North Dakota,,1993.0,1959.0,,,N,,34.0,,Y,N,,,Burdick,Quentin,N.,Quentin Burdick,0.0,0.0,0.0,0.0,0.0,0.0,0.0,0.0,0.0,0.0,0.0
360,360,B001076,"Burdick, Jocelyn",Democratic,North Dakota,,1993.0,1991.0,,,N,,2.0,,Y,N,,,Burdick,Jocelyn,,Jocelyn Burdick,0.0,0.0,0.0,0.0,0.0,0.0,0.0,0.0,0.0,0.0,0.0
361,361,B001057,"Bumpers, Dale",Democratic,Arkansas,,1999.0,1975.0,,,N,,24.0,,Y,N,,,Bumpers,Dale,,Dale Bumpers,0.0,0.0,0.0,0.0,0.0,0.0,0.0,0.0,0.0,0.0,0.0
362,362,B001026,"Buckley, James L.",Republican,New York,,1977.0,1971.0,,,N,,6.0,,Y,N,,,Buckley,James,L.,James Buckley,0.0,0.0,0.0,0.0,0.0,0.0,0.0,0.0,0.0,0.0,0.0
363,363,B000993,"Bryan, Richard H.",Democratic,Nevada,,2001.0,1989.0,,,N,,12.0,,Y,N,,,Bryan,Richard,H.,Richard Bryan,0.0,0.0,0.0,0.0,0.0,0.0,0.0,0.0,0.0,0.0,0.0
364,364,B000871,"Brooke, Edward W.",Republican,Massachusetts,,1979.0,1967.0,,,N,,12.0,,Y,N,,,Brooke,Edward,W.,Edward Brooke,0.0,0.0,0.0,0.0,0.0,0.0,0.0,0.0,0.0,0.0,0.0
365,365,B000851,"Brock, Bill",Republican,Tennessee,,1977.0,1971.0,1963.0,1971.0,N,N,6.0,8.0,Y,Y,,,Brock,Bill,,Bill Brock,0.0,0.0,0.0,0.0,0.0,0.0,0.0,0.0,0.0,0.0,0.0
366,366,B000756,"Brady, Nicholas",Republican,New Jersey,,1983.0,1981.0,,,N,,2.0,,Y,N,,,Brady,Nicholas,,Nicholas Brady,0.0,0.0,0.0,0.0,0.0,0.0,0.0,0.0,0.0,0.0,0.0
367,367,B001225,"Bradley, Bill",Democratic,New Jersey,,1997.0,1979.0,,,N,,18.0,,Y,N,,,Bradley,Bill,,Bill Bradley,250.0,0.0,0.0,0.0,0.0,0.0,0.0,0.0,0.0,0.0,250.0
368,368,B000647,"Boschwitz, Rudy",Republican,Minnesota,,1991.0,1979.0,,,N,,12.0,,Y,N,,,Boschwitz,Rudy,,Rudy Boschwitz,0.0,0.0,0.0,0.0,0.0,0.0,0.0,0.0,0.0,0.0,0.0
369,369,B000639,"Boren, David L.",Democratic,Oklahoma,,1995.0,1979.0,,,N,,16.0,,Y,N,,,Boren,David,L.,David Boren,0.0,0.0,0.0,0.0,0.0,0.0,0.0,0.0,0.0,0.0,0.0
370,370,B000611,"Bond, Christopher S.",Republican,Missouri,,2011.0,1987.0,,,N,,24.0,,Y,N,,,Bond,Christopher,S.,Christopher Bond,0.0,0.0,0.0,0.0,0.0,0.0,0.0,0.0,0.0,0.0,0.0
371,371,B000468,"Bingaman, Jeff",Democratic,New Mexico,,2013.0,1983.0,,,N,,30.0,,Y,N,,,Bingaman,Jeff,,Jeff Bingaman,0.0,0.0,0.0,0.0,0.0,0.0,0.0,0.0,0.0,0.0,0.0
372,372,B000444,"Biden, Joseph R., ",Democratic,Delaware,,2009.0,1973.0,,,N,,36.0,,Y,N,Jr.,,Biden,Joseph,R.,Joseph Biden,193186.0,0.0,16900.0,15000.0,0.0,23217.65,13350.0,733292.5800000001,1151147.0,0.0,2146093.23
373,373,B000436,"Bible, Alan",Democratic,Nevada,,1975.0,1953.0,,,N,,22.0,,Y,N,,,Bible,Alan,,Alan Bible,0.0,0.0,0.0,0.0,0.0,0.0,0.0,0.0,0.0,0.0,0.0
374,374,W000154,"Warner, John",Republican,Virginia,,2009.0,1979.0,,,N,,30.0,,Y,N,,,Warner,John,,John Warner,0.0,2500.0,25000.0,25000.0,0.0,5000.0,1000.0,0.0,0.0,0.0,58500.0
375,375,S001142,"Smith, Gordon H.",Republican,Oregon,,2009.0,1997.0,,,N,,12.0,,Y,N,,,Smith,Gordon,H.,Gordon Smith,0.0,0.0,0.0,0.0,0.0,0.0,0.0,0.0,0.0,0.0,0.0
376,376,L000035,"Lincoln, Blanche L.",Democratic,Arkansas,,2011.0,1999.0,1993.0,1997.0,N,N,12.0,4.0,Y,Y,,,Lincoln,Blanche,L.,Blanche Lincoln,0.0,0.0,0.0,2700.0,0.0,0.0,0.0,0.0,0.0,0.0,2700.0
377,377,L000550,"Landrieu, Mary L.",Democratic,Louisiana,,2015.0,1997.0,,,N,,18.0,,Y,N,,,Landrieu,Mary,L.,Mary Landrieu,1409576.91,6664453.02,3565.0,2500.0,0.0,0.0,0.0,5000.0,0.0,0.0,8085094.93
378,378,P000590,"Pryor, Mark L.",Democratic,Arkansas,,2015.0,2003.0,,,N,,12.0,,Y,N,,,Pryor,Mark,L.,Mark Pryor,1526849.1,1581800.6099999999,5000.0,0.0,0.0,0.0,0.0,0.0,0.0,0.0,3113649.71
379,379,D000601,"Dole, Elizabeth",Republican,North Carolina,,2009.0,2003.0,,,N,,6.0,,Y,N,,,Dole,Elizabeth,,Elizabeth Dole,0.0,0.0,0.0,0.0,45987.53,0.0,0.0,0.0,0.0,0.0,45987.53
380,380,C001057,"Coleman, Norm",Republican,Minnesota,,2009.0,2003.0,,,N,,6.0,,Y,N,,,Coleman,Norm,,Norm Coleman,3000.0,2500.0,0.0,0.0,0.0,0.0,0.0,0.0,0.0,0.0,5500.0
381,381,A000360,"Alexander, Lamar",Republican,Tennessee,,2021.0,2003.0,,,N,,18.0,,Y,N,,,Alexander,Lamar,,Lamar Alexander,1376055.92,1219727.0,486419.71,789150.23,602039.14,583880.0,249028.35,87659.0,3168.06,0.0,5397127.409999999
382,382,B001237,"Barkley, Dean M.",Independent,Minnesota,,2003.0,2002.0,,,N,,1.0,,Y,N,,,Barkley,Dean,M.,Dean Barkley,0.0,0.0,0.0,0.0,0.0,0.0,0.0,0.0,0.0,0.0,0.0
383,383,C001043,"Carnahan, Jean",Democratic,Missouri,,2002.0,2001.0,,,N,,1.0,,Y,N,,,Carnahan,Jean,,Jean Carnahan,0.0,0.0,0.0,0.0,0.0,0.0,0.0,0.0,0.0,0.0,0.0
384,384,F000444,"Flake, Jeff",Republican,Arizona,,2019.0,2013.0,2001.0,2013.0,N,N,6.0,12.0,Y,Y,,,Flake,Jeff,,Jeff Flake,183046.31,970591.96,196956.56,196651.42,676634.06,-12088.0,-1000.0,0.0,0.0,0.0,2210792.31
385,385,C001042,"Corzine, Jon S.",Democratic,New Jersey,,2006.0,2001.0,,,N,,5.0,,Y,N,,,Corzine,Jon,S.,Jon Corzine,0.0,0.0,0.0,0.0,0.0,0.0,0.0,0.0,0.0,0.0,0.0
386,386,N000180,"Nelson, Ben",Democratic,Nebraska,,2013.0,2001.0,,,N,,12.0,,Y,N,,,Nelson,Ben,,Ben Nelson,2500.0,0.0,1000.0,0.0,1000.0,2500.0,0.0,0.0,0.0,0.0,7000.0
387,387,D000596,"Dayton, Mark",Democratic,Minnesota,,2007.0,2001.0,,,N,,6.0,,Y,N,,,Dayton,Mark,,Mark Dayton,0.0,3000.0,0.0,0.0,0.0,0.0,0.0,0.0,0.0,0.0,3000.0
388,388,M001141,"Miller, Zell",Democratic,Georgia,,2005.0,2000.0,,,N,,5.0,,Y,N,,,Miller,Zell,,Zell Miller,0.0,0.0,0.0,0.0,0.0,0.0,0.0,0.0,0.0,0.0,0.0
389,389,C001040,"Chafee, Lincoln",Republican,Rhode Island,,2007.0,1999.0,,,N,,8.0,,Y,N,,,Chafee,Lincoln,,Lincoln Chafee,0.0,0.0,0.0,0.0,0.0,0.0,0.0,0.0,0.0,0.0,0.0
390,390,C000858,"Craig, Larry E.",Republican,Idaho,,2009.0,1991.0,1981.0,1991.0,N,N,18.0,10.0,Y,Y,,,Craig,Larry,E.,Larry Craig,0.0,0.0,0.0,0.0,0.0,0.0,0.0,0.0,1000.0,1000.0,2000.0
391,391,C000598,"Cohen, William S.",Republican,Maine,,1997.0,1979.0,1973.0,1979.0,N,N,18.0,6.0,Y,Y,,,Cohen,William,S.,William Cohen,0.0,0.0,0.0,0.0,0.0,0.0,0.0,0.0,0.0,0.0,0.0
392,392,C000560,"Coburn, Tom",Republican,Oklahoma,,2015.0,2005.0,1995.0,2001.0,N,N,10.0,6.0,Y,Y,,,Coburn,Tom,,Tom Coburn,226150.63,99356.45999999999,0.0,0.0,0.0,0.0,0.0,0.0,0.0,0.0,325507.08999999997
393,393,C000542,"Coats, Daniel",Republican,Indiana,,1999.0,1989.0,1981.0,1989.0,N,N,10.0,8.0,Y,Y,,,Coats,Daniel,,Daniel Coats,51750.0,33500.0,22000.0,85.0,0.0,0.0,0.0,0.0,0.0,0.0,107335.0
394,394,C000286,"Chambliss, Saxby",Republican,Georgia,,2015.0,2003.0,1995.0,2003.0,N,N,12.0,8.0,Y,Y,,,Chambliss,Saxby,,Saxby Chambliss,243333.0,197854.01,3500.0,85000.0,6000.0,4000.0,0.0,2500.0,5000.0,0.0,547187.01
395,395,C000077,"Campbell, Ben Nighthorse",Republican,Colorado,,2005.0,1993.0,1987.0,1993.0,N,N,12.0,6.0,Y,Y,,,Campbell,Ben,Nighthorse,Ben Campbell,0.0,0.0,0.0,0.0,0.0,0.0,0.0,0.0,0.0,0.0,0.0
396,396,B001066,"Bunning, Jim",Republican,Kentucky,,2011.0,1999.0,1987.0,1999.0,N,N,12.0,12.0,Y,Y,,,Bunning,Jim,,Jim Bunning,0.0,0.0,0.0,0.0,0.0,0.0,0.0,0.0,0.0,0.0,0.0
397,397,B000953,"Brownback, Sam",Republican,Kansas,,2011.0,1996.0,1995.0,1996.0,N,N,15.0,1.0,Y,Y,,,Brownback,Sam,,Sam Brownback,1200.0,5000.0,0.0,0.0,0.0,0.0,0.0,0.0,0.0,0.0,6200.0
398,398,B000919,"Brown, Hank",Republican,Colorado,,1997.0,1991.0,1981.0,1991.0,N,N,6.0,10.0,Y,Y,,,Brown,Hank,,Hank Brown,0.0,0.0,0.0,0.0,0.0,0.0,0.0,0.0,0.0,0.0,0.0
399,399,B000243,"Baucus, Max",Democratic,Montana,,2014.0,1979.0,1975.0,1979.0,N,N,35.0,4.0,Y,Y,,,Baucus,Max,,Max Baucus,1044189.15,49034.5,0.0,0.0,0.0,0.0,0.0,0.0,0.0,0.0,1093223.65
400,400,A000219,"Armstrong, William L.",Republican,Colorado,,1991.0,1979.0,1973.0,1979.0,N,N,12.0,6.0,Y,Y,,,Armstrong,William,L.,William Armstrong,0.0,0.0,0.0,0.0,0.0,0.0,0.0,0.0,0.0,0.0,0.0
401,401,A000208,"Andrews, Mark",Republican,North Dakota,,1987.0,1981.0,1963.0,1981.0,N,N,6.0,18.0,Y,Y,,,Andrews,Mark,,Mark Andrews,0.0,0.0,0.0,0.0,0.0,0.0,0.0,0.0,0.0,0.0,0.0
402,402,A000121,"Allen, George",Republican,Virginia,,2007.0,2001.0,1991.0,1993.0,N,N,6.0,2.0,Y,Y,,,Allen,George,,George Allen,-339.39,0.0,0.0,0.0,0.0,0.0,0.0,0.0,0.0,0.0,-339.39
403,403,A000109,"Allard, Wayne",Republican,Colorado,,2009.0,1997.0,1991.0,1997.0,N,N,12.0,6.0,Y,Y,,,Allard,Wayne,,Wayne Allard,0.0,0.0,0.0,0.0,0.0,0.0,0.0,0.0,0.0,0.0,0.0
404,404,A000069,"Akaka, Daniel K.",Democratic,Hawaii,,2013.0,1990.0,1977.0,1991.0,N,N,23.0,14.0,Y,Y,,,Akaka,Daniel,K.,Daniel Akaka,0.0,0.0,0.0,0.0,0.0,0.0,0.0,0.0,0.0,0.0,0.0
405,405,A000031,"Adams, Brock",Democratic,Washington,,1993.0,1987.0,1965.0,1979.0,N,N,6.0,14.0,Y,Y,,,Adams,Brock,,Brock Adams,0.0,0.0,0.0,0.0,0.0,0.0,0.0,0.0,0.0,0.0,0.0
406,406,A000009,"Abdnor, James",Republican,South Dakota,,1987.0,1981.0,1973.0,1981.0,N,N,6.0,8.0,Y,Y,,,Abdnor,James,,James Abdnor,0.0,0.0,0.0,0.0,0.0,0.0,0.0,0.0,0.0,0.0,0.0
407,407,E000194,"Ensign, John",Republican,Nevada,,2011.0,2001.0,1995.0,1999.0,N,N,10.0,4.0,Y,Y,,,Ensign,John,,John Ensign,0.0,0.0,0.0,0.0,0.0,0.0,0.0,0.0,0.0,0.0,0.0
408,408,D000432,"Dorgan, Byron L.",Democratic,North Dakota,,2011.0,1991.0,1981.0,1993.0,N,N,20.0,12.0,Y,Y,,,Dorgan,Byron,L.,Byron Dorgan,0.0,0.0,0.0,0.0,0.0,0.0,0.0,0.0,0.0,0.0,0.0
409,409,D000388,"Dodd, Christopher J.",Democratic,Connecticut,,2011.0,1981.0,1975.0,1981.0,N,N,30.0,6.0,Y,Y,,,Dodd,Christopher,J.,Christopher Dodd,0.0,0.0,0.0,0.0,0.0,0.0,0.0,0.0,0.0,0.0,0.0
410,410,C000979,"Culver, John C.",Democratic,Iowa,,1981.0,1975.0,1965.0,1975.0,N,N,6.0,10.0,Y,Y,,,Culver,John,C.,John Culver,0.0,0.0,0.0,0.0,0.0,0.0,0.0,0.0,0.0,0.0,0.0
411,411,K000352,"Kyl, Jon",Republican,Arizona,,2013.0,1995.0,1987.0,1995.0,N,N,18.0,8.0,Y,Y,,,Kyl,Jon,,Jon Kyl,0.0,0.0,0.0,0.0,0.0,0.0,0.0,0.0,0.0,0.0,0.0
412,412,K000019,"Kasten, Robert W., ",Republican,Wisconsin,,1993.0,1981.0,1975.0,1979.0,N,N,12.0,4.0,Y,Y,Jr.,,Kasten,Robert,W.,Robert Kasten,0.0,0.0,0.0,0.0,0.0,0.0,0.0,0.0,0.0,0.0,0.0
413,413,J000177,"Johnson, Tim",Democratic,South Dakota,,2015.0,1997.0,1987.0,1997.0,N,N,18.0,10.0,Y,Y,,,Johnson,Tim,,Tim Johnson,182725.8,11809.12,0.0,0.0,2000.0,500.0,0.0,0.0,0.0,0.0,197034.91999999998
414,414,J000072,"Jeffords, James M.",Independent,Vermont,,2007.0,1989.0,1975.0,1989.0,N,N,18.0,14.0,Y,Y,,,Jeffords,James,M.,James Jeffords,0.0,0.0,0.0,0.0,0.0,0.0,0.0,0.0,0.0,0.0,0.0
415,415,H001015,"Hutchinson, Tim",Republican,Arkansas,,2003.0,1997.0,1993.0,1997.0,N,N,6.0,4.0,Y,Y,,,Hutchinson,Tim,,Tim Hutchinson,0.0,0.0,0.0,0.0,0.0,0.0,0.0,0.0,0.0,0.0,0.0
416,416,H000456,"Heinz, John",Republican,Pennsylvania,,1993.0,1977.0,1971.0,1977.0,N,N,16.0,6.0,Y,Y,,,Heinz,John,,John Heinz,0.0,0.0,0.0,0.0,0.0,0.0,0.0,0.0,0.0,0.0,0.0
417,417,H000206,"Harkin, Tom",Democratic,Iowa,,2015.0,1985.0,1975.0,1985.0,N,N,30.0,10.0,Y,Y,,,Harkin,Tom,,Tom Harkin,460612.63,783856.31,0.0,0.0,0.0,0.0,0.0,0.0,0.0,0.0,1244468.94
418,418,G000445,"Gregg, Judd",Republican,New Hampshire,,2011.0,1993.0,1981.0,1989.0,N,N,18.0,8.0,Y,Y,,,Gregg,Judd,,Judd Gregg,0.0,0.0,0.0,0.0,0.0,0.0,0.0,2000.0,0.0,0.0,2000.0
419,419,G000367,"Grams, Rod",Republican,Minnesota,,2001.0,1995.0,1993.0,1995.0,N,N,6.0,2.0,Y,Y,,,Grams,Rod,,Rod Grams,0.0,0.0,0.0,0.0,0.0,0.0,0.0,0.0,0.0,0.0,0.0
420,420,G000365,"Gramm, Phil",Republican,Texas,,2002.0,1985.0,1979.0,1985.0,N,N,17.0,6.0,Y,Y,,,Gramm,Phil,,Phil Gramm,0.0,0.0,0.0,0.0,0.0,0.0,0.0,0.0,0.0,0.0,0.0
421,421,G000321,"Gore, Albert, ",Democratic,Tennessee,,1993.0,1985.0,1977.0,1985.0,N,N,8.0,8.0,Y,Y,Jr.,,Gore,Albert,,Albert Gore,0.0,0.0,0.0,0.0,0.0,0.0,0.0,0.0,0.0,0.0,0.0
422,422,F000329,"Fowler, Wyche, ",Democratic,Georgia,,1993.0,1987.0,1977.0,1987.0,N,N,6.0,10.0,Y,Y,Jr.,,Fowler,Wyche,,Wyche Fowler,0.0,0.0,0.0,0.0,0.0,0.0,0.0,0.0,0.0,0.0,0.0
